author,count,conference,year
Xiaogang Wang,12,CVPR,2017
Bernt Schiele,12,CVPR,2017
Michael J. Black,11,CVPR,2017
Marc Pollefeys,9,CVPR,2017
Jiashi Feng,9,CVPR,2017
Luc Van Gool,8,CVPR,2017
Abhinav Gupta,8,CVPR,2017
Li Fei-Fei,8,CVPR,2017
Philip H. S. Torr,8,CVPR,2017
Daniel Cremers,7,CVPR,2017
Ling Shao,7,CVPR,2017
Liang Lin,7,CVPR,2017
Xiaodan Liang,7,CVPR,2017
Wanli Ouyang,7,CVPR,2017
Shuicheng Yan,7,CVPR,2017
Anton Van Den Hengel,6,CVPR,2017
Gang Hua,6,CVPR,2017
Li Liu,6,CVPR,2017
Fumin Shen,6,CVPR,2017
Manmohan Chandraker,6,CVPR,2017
Carsten Rother,6,CVPR,2017
Thomas Funkhouser,6,CVPR,2017
Ming-Hsuan Yang,6,CVPR,2017
Serge Belongie,6,CVPR,2017
Deva Ramanan,6,CVPR,2017
Trevor Darrell,6,CVPR,2017
Chunhua Shen,6,CVPR,2017
Bernard Ghanem,6,CVPR,2017
Lingqiao Liu,5,CVPR,2017
Stefanos Zafeiriou,5,CVPR,2017
Larry S. Davis,5,CVPR,2017
Sinisa Todorovic,5,CVPR,2017
Devi Parikh,5,CVPR,2017
Scott Cohen,5,CVPR,2017
Ali Farhadi,5,CVPR,2017
Hao Su,5,CVPR,2017
Junjie Yan,5,CVPR,2017
Rodrigo Benenson,5,CVPR,2017
Fatih Porikli,5,CVPR,2017
Torsten Sattler,5,CVPR,2017
Bjoern Andres,5,CVPR,2017
Junsong Yuan,5,CVPR,2017
Andreas Geiger,5,CVPR,2017
Tao Mei,5,CVPR,2017
Yurong Chen,4,CVPR,2017
Javier Romero,4,CVPR,2017
Bingbing Ni,4,CVPR,2017
Kevin Murphy,4,CVPR,2017
Dhruv Batra,4,CVPR,2017
Song-Chun Zhu,4,CVPR,2017
Kaiqi Huang,4,CVPR,2017
Bogdan Savchynskyy,4,CVPR,2017
Fisher Yu,4,CVPR,2017
Gunhee Kim,4,CVPR,2017
Liang Wang,4,CVPR,2017
Guillermo Sapiro,4,CVPR,2017
Jimei Yang,4,CVPR,2017
Raquel Urtasun,4,CVPR,2017
Leonidas J. Guibas,4,CVPR,2017
Antonio Torralba,4,CVPR,2017
Dahua Lin,4,CVPR,2017
Wei Liu,4,CVPR,2017
Xiaohui Shen,4,CVPR,2017
Alexei A. Efros,4,CVPR,2017
Kate Saenko,4,CVPR,2017
Yi Yang,4,CVPR,2017
Jin Young Choi,4,CVPR,2017
Jitendra Malik,4,CVPR,2017
Xiaoming Liu,4,CVPR,2017
Piotr Dollar,4,CVPR,2017
Ross Girshick,4,CVPR,2017
Ming-Ming Cheng,4,CVPR,2017
Bohyung Han,4,CVPR,2017
Xiang Bai,4,CVPR,2017
Vikas Singh,4,CVPR,2017
Chen Fang,4,CVPR,2017
Lei Zhang,4,CVPR,2017
Andrea Vedaldi,4,CVPR,2017
Nicu Sebe,4,CVPR,2017
Stephen Lin,4,CVPR,2017
Ersin Yumer,4,CVPR,2017
Siyu Tang,4,CVPR,2017
Sabine Susstrunk,4,CVPR,2017
Kristen Grauman,4,CVPR,2017
Zhe Lin,4,CVPR,2017
Eli Shechtman,4,CVPR,2017
Lior Wolf,4,CVPR,2017
Amit K. Roy-Chowdhury,4,CVPR,2017
Anbang Yao,3,CVPR,2017
Li Zhang,3,CVPR,2017
George Trigeorgis,3,CVPR,2017
Patrick Snape,3,CVPR,2017
Iasonas Kokkinos,3,CVPR,2017
Yannis Panagakis,3,CVPR,2017
Yasuyuki Matsushita,3,CVPR,2017
Cordelia Schmid,3,CVPR,2017
Andrew Fitzgibbon,3,CVPR,2017
Jie Qin,3,CVPR,2017
Chen Chen,3,CVPR,2017
Yunhong Wang,3,CVPR,2017
Rene Vidal,3,CVPR,2017
Behrooz Mahasseni,3,CVPR,2017
Olga Russakovsky,3,CVPR,2017
Paul Vernaza,3,CVPR,2017
Ying Nian Wu,3,CVPR,2017
Tae-Kyun Kim,3,CVPR,2017
Peter V. Gehler,3,CVPR,2017
Frank Michel,3,CVPR,2017
Alexander Kirillov,3,CVPR,2017
Eric Brachmann,3,CVPR,2017
Alexander Krull,3,CVPR,2017
Youngjae Yu,3,CVPR,2017
Qixiang Ye,3,CVPR,2017
Qiang Qiu,3,CVPR,2017
Brian Price,3,CVPR,2017
Eric P. Xing,3,CVPR,2017
Bolei Zhou,3,CVPR,2017
Sanja Fidler,3,CVPR,2017
Feng Liu,3,CVPR,2017
Chen Change Loy,3,CVPR,2017
Hongsheng Li,3,CVPR,2017
Tong Xiao,3,CVPR,2017
Juergen Gall,3,CVPR,2017
De-An Huang,3,CVPR,2017
Stella X. Yu,3,CVPR,2017
Anna Khoreva,3,CVPR,2017
Roberto Cipolla,3,CVPR,2017
Stefano Soatto,3,CVPR,2017
Josef Sivic,3,CVPR,2017
Xiaoou Tang,3,CVPR,2017
Efstratios Gavves,3,CVPR,2017
Marcus Rohrbach,3,CVPR,2017
Tinghui Zhou,3,CVPR,2017
Peng Wang,3,CVPR,2017
Yunchao Wei,3,CVPR,2017
Silvio Savarese,3,CVPR,2017
Qi Tian,3,CVPR,2017
Jianfei Cai,3,CVPR,2017
Paul Swoboda,3,CVPR,2017
Tomas Pajdla,3,CVPR,2017
Gang Wang,3,CVPR,2017
Pascal Fua,3,CVPR,2017
Shuran Song,3,CVPR,2017
Manolis Savva,3,CVPR,2017
Martial Hebert,3,CVPR,2017
Matthias Niessner,3,CVPR,2017
Alan L. Yuille,3,CVPR,2017
Noah Snavely,3,CVPR,2017
Alexandre Alahi,3,CVPR,2017
Ian Reid,3,CVPR,2017
Tao Xiang,3,CVPR,2017
Bharath Hariharan,3,CVPR,2017
Juan Carlos Niebles,3,CVPR,2017
Wangmeng Zuo,3,CVPR,2017
Chang-Su Kim,3,CVPR,2017
Alexey Dosovitskiy,3,CVPR,2017
Thomas Brox,3,CVPR,2017
Fernando De La Torre,3,CVPR,2017
Sterling C. Johnson,3,CVPR,2017
Sangdoo Yun,3,CVPR,2017
Kiriakos N. Kutulakos,3,CVPR,2017
Vladimir Pavlovic,3,CVPR,2017
Xiaodong He,3,CVPR,2017
Basura Fernando,3,CVPR,2017
Stephen Gould,3,CVPR,2017
Mathieu Salzmann,3,CVPR,2017
Mario Fritz,3,CVPR,2017
Mubarak Shah,3,CVPR,2017
Nikos Komodakis,3,CVPR,2017
Kalyan Sunkavalli,3,CVPR,2017
Xin Lu,3,CVPR,2017
Xiaochun Cao,3,CVPR,2017
Junmo Kim,3,CVPR,2017
Zeynep Akata,3,CVPR,2017
Xuming He,3,CVPR,2017
David W. Jacobs,3,CVPR,2017
Kavita Bala,3,CVPR,2017
Evgeny Levinkov,3,CVPR,2017
Yong Jae Lee,3,CVPR,2017
Dan Xu,3,CVPR,2017
Elisa Ricci,3,CVPR,2017
Kostas Daniilidis,3,CVPR,2017
Shih-Fu Chang,3,CVPR,2017
Nuno Vasconcelos,3,CVPR,2017
Sebastian Nowozin,3,CVPR,2017
Victor Lempitsky,3,CVPR,2017
Bjorn Ommer,3,CVPR,2017
Ting Yao,3,CVPR,2017
Hao Zhao,2,CVPR,2017
Ming Lu,2,CVPR,2017
Yiwen Guo,2,CVPR,2017
Epameinondas Antonakos,2,CVPR,2017
Yasuhiro Mukaigawa,2,CVPR,2017
Yasushi Yagi,2,CVPR,2017
Gregory D. Hager,2,CVPR,2017
R. Venkatesh Babu,2,CVPR,2017
Jin Sun,2,CVPR,2017
Joe Yue-Hei Ng,2,CVPR,2017
Vlad I. Morariu,2,CVPR,2017
Michael Lam,2,CVPR,2017
Zhiding Yu,2,CVPR,2017
Akihito Seki,2,CVPR,2017
Ramakrishna Vedantam,2,CVPR,2017
Gal Chechik,2,CVPR,2017
Gabriel J. Brostow,2,CVPR,2017
Viktor Larsson,2,CVPR,2017
Li-Jia Li,2,CVPR,2017
Yasutaka Furukawa,2,CVPR,2017
Justin Johnson,2,CVPR,2017
Jose M. F. Moura,2,CVPR,2017
Namhoon Lee,2,CVPR,2017
Wongun Choi,2,CVPR,2017
Christopher B. Choy,2,CVPR,2017
Philip S. Yu,2,CVPR,2017
Xiaotang Chen,2,CVPR,2017
Yebin Liu,2,CVPR,2017
Si Liu,2,CVPR,2017
Yao Sun,2,CVPR,2017
Stefan Gumhold,2,CVPR,2017
Vladlen Koltun,2,CVPR,2017
Jongwook Choi,2,CVPR,2017
Wei Ke,2,CVPR,2017
Jie Chen,2,CVPR,2017
Baochang Zhang,2,CVPR,2017
Jianbin Jiao,2,CVPR,2017
Jia Deng,2,CVPR,2017
Honglak Lee,2,CVPR,2017
Richard S. Zemel,2,CVPR,2017
Wanqing Li,2,CVPR,2017
Philip Ogunbona,2,CVPR,2017
Wei-Sheng Lai,2,CVPR,2017
Narendra Ahuja,2,CVPR,2017
Long Mai,2,CVPR,2017
Chengde Wan,2,CVPR,2017
Thomas Probst,2,CVPR,2017
Guanbin Li,2,CVPR,2017
Jiajun Wu,2,CVPR,2017
Joshua B. Tenenbaum,2,CVPR,2017
Hang Zhang,2,CVPR,2017
Jia Xue,2,CVPR,2017
Kristin Dana,2,CVPR,2017
Federico Tombari,2,CVPR,2017
Slobodan Ilic,2,CVPR,2017
Nassir Navab,2,CVPR,2017
Ko Nishino,2,CVPR,2017
Zhouhui Lian,2,CVPR,2017
Kalle Astrom,2,CVPR,2017
Andreas Veit,2,CVPR,2017
Jianbo Shi,2,CVPR,2017
Jan Hosang,2,CVPR,2017
Ali Diba,2,CVPR,2017
Vivek Sharma,2,CVPR,2017
Changqing Zhang,2,CVPR,2017
Rohit Girdhar,2,CVPR,2017
Yuning Jiang,2,CVPR,2017
Zhimin Cao,2,CVPR,2017
Jonathan Huang,2,CVPR,2017
Ruslan Salakhutdinov,2,CVPR,2017
Phillip Isola,2,CVPR,2017
Yizhou Yu,2,CVPR,2017
Arnold W.M. Smeulders,2,CVPR,2017
Tomas Simon,2,CVPR,2017
Iain Matthews,2,CVPR,2017
Yaser Sheikh,2,CVPR,2017
Yuke Zhu,2,CVPR,2017
Joseph J. Lim,2,CVPR,2017
Zhongwen Xu,2,CVPR,2017
Linchao Zhu,2,CVPR,2017
Jiwen Lu,2,CVPR,2017
Jianjiang Feng,2,CVPR,2017
Jie Zhou,2,CVPR,2017
Ajmal Mian,2,CVPR,2017
Shuhui Wang,2,CVPR,2017
Qingming Huang,2,CVPR,2017
Ron Kimmel,2,CVPR,2017
Yiming Qian,2,CVPR,2017
Oliver Wang,2,CVPR,2017
Liang Zheng,2,CVPR,2017
Shaozi Li,2,CVPR,2017
Mingsheng Long,2,CVPR,2017
Jianmin Wang,2,CVPR,2017
Yao Li,2,CVPR,2017
Guosheng Lin,2,CVPR,2017
Bohan Zhuang,2,CVPR,2017
Jiaying Liu,2,CVPR,2017
Zongming Guo,2,CVPR,2017
Luan Tran,2,CVPR,2017
Olga Veksler,2,CVPR,2017
Yuri Boykov,2,CVPR,2017
Victor Escorcia,2,CVPR,2017
Yun Fu,2,CVPR,2017
Johannes L. Schonberger,2,CVPR,2017
Zhuowen Tu,2,CVPR,2017
Kaiming He,2,CVPR,2017
Xiao Wu,2,CVPR,2017
Gordon Wetzstein,2,CVPR,2017
Jinwei Gu,2,CVPR,2017
Jan Kautz,2,CVPR,2017
Boxin Shi,2,CVPR,2017
Stefan Roth,2,CVPR,2017
Jun Liu,2,CVPR,2017
Ping Hu,2,CVPR,2017
Rita Cucchiara,2,CVPR,2017
Francois Fleuret,2,CVPR,2017
Yu-Wing Tai,2,CVPR,2017
In So Kweon,2,CVPR,2017
Andy Zeng,2,CVPR,2017
Angel X. Chang,2,CVPR,2017
Maciej Halber,2,CVPR,2017
Ali Borji,2,CVPR,2017
Donghun Yeo,2,CVPR,2017
Jeany Son,2,CVPR,2017
Matthew Brown,2,CVPR,2017
Jing Zhang,2,CVPR,2017
Serena Yeung,2,CVPR,2017
Lu Yuan,2,CVPR,2017
Nenghai Yu,2,CVPR,2017
Anton Milan,2,CVPR,2017
Bernd Sturmfels,2,CVPR,2017
Jean Ponce,2,CVPR,2017
Shuang Li,2,CVPR,2017
Shaogang Gong,2,CVPR,2017
Giorgos Tolias,2,CVPR,2017
Yannis Avrithis,2,CVPR,2017
Ondrej Chum,2,CVPR,2017
Jan-Michael Frahm,2,CVPR,2017
William T. Freeman,2,CVPR,2017
Yang Gao,2,CVPR,2017
Min Sun,2,CVPR,2017
Dongqing Zhang,2,CVPR,2017
Nanning Zheng,2,CVPR,2017
Peihua Li,2,CVPR,2017
Qilong Wang,2,CVPR,2017
A. N. Rajagopalan,2,CVPR,2017
Bing Shuai,2,CVPR,2017
Yan Huang,2,CVPR,2017
Wei Wang,2,CVPR,2017
Jifeng Dai,2,CVPR,2017
Yichen Wei,2,CVPR,2017
M. Pawan Kumar,2,CVPR,2017
Patrick Perez,2,CVPR,2017
Jiangbo Lu,2,CVPR,2017
Ali Osman Ulusoy,2,CVPR,2017
Won-Dong Jang,2,CVPR,2017
Eddy Ilg,2,CVPR,2017
Nikolaus Mayer,2,CVPR,2017
Margret Keuper,2,CVPR,2017
Baba C. Vemuri,2,CVPR,2017
Chen-Hsuan Lin,2,CVPR,2017
Simon Lucey,2,CVPR,2017
Peter Carr,2,CVPR,2017
Greg Mori,2,CVPR,2017
Xiaolong Wang,2,CVPR,2017
Shubham Tulsiani,2,CVPR,2017
Zhaowen Wang,2,CVPR,2017
Jia Li,2,CVPR,2017
Julien Valentin,2,CVPR,2017
Jongwon Choi,2,CVPR,2017
Youngjoon Yoo,2,CVPR,2017
Heng Tao Shen,2,CVPR,2017
Yale Song,2,CVPR,2017
Francesc Moreno-Noguer,2,CVPR,2017
Jiaxin Chen,2,CVPR,2017
Weihong Deng,2,CVPR,2017
Junping Du,2,CVPR,2017
Laurens Van Der Maaten,2,CVPR,2017
Xiaowei Hu,2,CVPR,2017
Xiaokang Yang,2,CVPR,2017
Xin Zhao,2,CVPR,2017
Kiyoharu Aizawa,2,CVPR,2017
Chen Li,2,CVPR,2017
Kun Zhou,2,CVPR,2017
Katsushi Ikeuchi,2,CVPR,2017
Chuang Gan,2,CVPR,2017
Zhe Gan,2,CVPR,2017
Jianfeng Gao,2,CVPR,2017
Li Deng,2,CVPR,2017
Ping Luo,2,CVPR,2017
Anoop Cherian,2,CVPR,2017
Mehrtash Harandi,2,CVPR,2017
Emanuele Rodola,2,CVPR,2017
Gaurav Sharma,2,CVPR,2017
Ming-Yu Liu,2,CVPR,2017
Xiao Yang,2,CVPR,2017
Daniel Kifer,2,CVPR,2017
C. Lee Giles,2,CVPR,2017
Mykhaylo Andriluka,2,CVPR,2017
Jonas Wulff,2,CVPR,2017
Jiebo Luo,2,CVPR,2017
Hyung Jin Chang,2,CVPR,2017
Yiannis Demiris,2,CVPR,2017
Dilip Krishnan,2,CVPR,2017
Shuhang Gu,2,CVPR,2017
Yang Yang,2,CVPR,2017
Rynson W. H. Lau,2,CVPR,2017
Pietro Perona,2,CVPR,2017
Rui Wang,2,CVPR,2017
Yuanfang Guo,2,CVPR,2017
Ruiping Wang,2,CVPR,2017
Shiguang Shan,2,CVPR,2017
Xilin Chen,2,CVPR,2017
Yijun Li,2,CVPR,2017
Sudipta N. Sinha,2,CVPR,2017
Ravi Ramamoorthi,2,CVPR,2017
Hao Jiang,2,CVPR,2017
Jiandong Tian,2,CVPR,2017
Yandong Tang,2,CVPR,2017
Joao P. Costeira,2,CVPR,2017
Bastian Leibe,2,CVPR,2017
Sai-Kit Yeung,2,CVPR,2017
Gerard Pons-Moll,2,CVPR,2017
Limin Wang,2,CVPR,2017
C. V. Jawahar,2,CVPR,2017
Ganesh Sundaramoorthi,2,CVPR,2017
Dacheng Tao,2,CVPR,2017
Jian Sun,2,CVPR,2017
Miaomiao Liu,2,CVPR,2017
Seong Joon Oh,2,CVPR,2017
Dingwen Zhang,2,CVPR,2017
Junwei Han,2,CVPR,2017
Jianlong Fu,2,CVPR,2017
Stuart Golodetz,2,CVPR,2017
Radhakrishna Achanta,2,CVPR,2017
Chang Wen Chen,2,CVPR,2017
Dong Huang,2,CVPR,2017
Christian Ledig,2,CVPR,2017
Jose Caballero,2,CVPR,2017
Alejandro Acosta,2,CVPR,2017
Andrew Aitken,2,CVPR,2017
Johannes Totz,2,CVPR,2017
Zehan Wang,2,CVPR,2017
Wenzhe Shi,2,CVPR,2017
Hailin Jin,2,CVPR,2017
Christoph Feichtenhofer,2,CVPR,2017
Axel Pinz,2,CVPR,2017
Richard P. Wildes,2,CVPR,2017
Boqing Gong,2,CVPR,2017
Tom Goldstein,2,CVPR,2017
Zuzana Kukelova,2,CVPR,2017
Martin R. Oswald,2,CVPR,2017
Javier Gonzalez-Jimenez,2,CVPR,2017
Shuangfei Zhai,2,CVPR,2017
Abhishek Kumar,2,CVPR,2017
Yu Cheng,2,CVPR,2017
Yongxi Lu,2,CVPR,2017
Rogerio Feris,2,CVPR,2017
Anna Rohrbach,2,CVPR,2017
Jonas Uhrig,2,CVPR,2017
Hao Li,2,CVPR,2017
James Hays,2,CVPR,2017
Jiri Matas,2,CVPR,2017
Junbin Gao,2,CVPR,2017
Diane Larlus,2,CVPR,2017
Vivek Rathod,2,CVPR,2017
Alexander G. Schwing,2,CVPR,2017
Aaron Courville,2,CVPR,2017
Hanwang Zhang,2,CVPR,2017
Tat-Seng Chua,2,CVPR,2017
Sunil Hadap,2,CVPR,2017
Mohamed Elhoseiny,2,CVPR,2017
Ahmed Elgammal,2,CVPR,2017
Michael S. Brown,2,CVPR,2017
Yu Liu,2,CVPR,2017
Yang Song,2,CVPR,2017
Angela Dai,2,CVPR,2017
Jawadul H. Bappy,2,CVPR,2017
Sujoy Paul,2,CVPR,2017
Eldar Insafutdinov,2,CVPR,2017
Federica Bogo,2,CVPR,2017
Nikos Paragios,2,CVPR,2017
Andrew Zisserman,2,CVPR,2017
Dongbo Min,2,CVPR,2017
Kwanghoon Sohn,2,CVPR,2017
Yoav Y. Schechner,2,CVPR,2017
Yingwei Pan,2,CVPR,2017
Bernhard Scholkopf,2,CVPR,2017
Michael Maire,2,CVPR,2017
Jamie Shotton,2,CVPR,2017
Gregory Shakhnarovich,2,CVPR,2017
Srinivasa G. Narasimhan,2,CVPR,2017
Georgios Pavlakos,2,CVPR,2017
Xiaowei Zhou,2,CVPR,2017
Konstantinos G. Derpanis,2,CVPR,2017
Rameswar Panda,2,CVPR,2017
Jianwen Xie,2,CVPR,2017
Damien Teney,1,CVPR,2017
Felix Juefei-Xu,1,CVPR,2017
Vishnu Naresh Boddeti,1,CVPR,2017
Marios Savvides,1,CVPR,2017
Yagiz Aksoy,1,CVPR,2017
Tunc Ozan Aydin,1,CVPR,2017
James Booth,1,CVPR,2017
Stylianos Ploumpis,1,CVPR,2017
Vamsi Kiran Adhikarla,1,CVPR,2017
Marek Vinkler,1,CVPR,2017
Denis Sumin,1,CVPR,2017
Rafal K. Mantiuk,1,CVPR,2017
Karol Myszkowski,1,CVPR,2017
Hans-Peter Seidel,1,CVPR,2017
Piotr Didyk,1,CVPR,2017
Manikanta Kotaru,1,CVPR,2017
Sachin Katti,1,CVPR,2017
Kenichiro Tanaka,1,CVPR,2017
Takuya Funatomi,1,CVPR,2017
Hiroyuki Kubo,1,CVPR,2017
Philip Haeusser,1,CVPR,2017
Alexander Mordvintsev,1,CVPR,2017
Yvain Queau,1,CVPR,2017
Tao Wu,1,CVPR,2017
Francois Lauze,1,CVPR,2017
Jean-Denis Durou,1,CVPR,2017
Gul Varol,1,CVPR,2017
Xavier Martin,1,CVPR,2017
Naureen Mahmood,1,CVPR,2017
Ivan Laptev,1,CVPR,2017
Chengjiang Long,1,CVPR,2017
Je Hyeong Hong,1,CVPR,2017
Christopher Zach,1,CVPR,2017
Lijun Wang,1,CVPR,2017
Huchuan Lu,1,CVPR,2017
Yifan Wang,1,CVPR,2017
Mengyang Feng,1,CVPR,2017
Dong Wang,1,CVPR,2017
Baocai Yin,1,CVPR,2017
Xiang Ruan,1,CVPR,2017
Colin Lea,1,CVPR,2017
Michael D. Flynn,1,CVPR,2017
Austin Reiter,1,CVPR,2017
Swaminathan Gurumurthy,1,CVPR,2017
Ravi Kiran Sarvadevabhatla,1,CVPR,2017
Itamar Talmi,1,CVPR,2017
Roey Mechrez,1,CVPR,2017
Lihi Zelnik-Manor,1,CVPR,2017
Adnane Boukhayma,1,CVPR,2017
Jean-Sebastien Franco,1,CVPR,2017
Edmond Boyer,1,CVPR,2017
Ang Li,1,CVPR,2017
Ruichi Yu,1,CVPR,2017
Weiyang Liu,1,CVPR,2017
Yandong Wen,1,CVPR,2017
Ming Li,1,CVPR,2017
Bhiksha Raj,1,CVPR,2017
Le Song,1,CVPR,2017
Sergi Caelles,1,CVPR,2017
Kevis-Kokitsi Maninis,1,CVPR,2017
Jordi Pont-Tuset,1,CVPR,2017
Laura Leal-Taixe,1,CVPR,2017
Siddha Ganju,1,CVPR,2017
Samy Bengio,1,CVPR,2017
Hakan Cevikalp,1,CVPR,2017
Bill Triggs,1,CVPR,2017
Clement Godard,1,CVPR,2017
Oisin Mac Aodha,1,CVPR,2017
Carl Olsson,1,CVPR,2017
Zhou Ren,1,CVPR,2017
Xiaoyu Wang,1,CVPR,2017
Ning Zhang,1,CVPR,2017
Xutao Lv,1,CVPR,2017
Hyeonseob Nam,1,CVPR,2017
Jung-Woo Ha,1,CVPR,2017
Jeonghee Kim,1,CVPR,2017
Erik Wijmans,1,CVPR,2017
Jonathan Krause,1,CVPR,2017
Ranjay Krishna,1,CVPR,2017
Abhishek Das,1,CVPR,2017
Satwik Kottur,1,CVPR,2017
Khushi Gupta,1,CVPR,2017
Avi Singh,1,CVPR,2017
Deshraj Yadav,1,CVPR,2017
Quanshi Zhang,1,CVPR,2017
Ruiming Cao,1,CVPR,2017
Lifang He,1,CVPR,2017
Chun-Ta Lu,1,CVPR,2017
Hao Ding,1,CVPR,2017
Shen Wang,1,CVPR,2017
Linlin Shen,1,CVPR,2017
Ann B. Ragin,1,CVPR,2017
Shu Kong,1,CVPR,2017
Charless Fowlkes,1,CVPR,2017
Jiasen Lu,1,CVPR,2017
Caiming Xiong,1,CVPR,2017
Richard Socher,1,CVPR,2017
Dangwei Li,1,CVPR,2017
Zhang Zhang,1,CVPR,2017
Hang Yan,1,CVPR,2017
Weihua Chen,1,CVPR,2017
Jianguo Zhang,1,CVPR,2017
Changhu Wang,1,CVPR,2017
Ruihe Qian,1,CVPR,2017
Han Yu,1,CVPR,2017
Renda Bao,1,CVPR,2017
Armin Mustafa,1,CVPR,2017
Adrian Hilton,1,CVPR,2017
Guillermo Garcia-Hernando,1,CVPR,2017
Anurag Arnab,1,CVPR,2017
Varun Jampani,1,CVPR,2017
Raghudeep Gadde,1,CVPR,2017
Yinlin Hu,1,CVPR,2017
Yunsong Li,1,CVPR,2017
Rui Song,1,CVPR,2017
Yeonhwa Kim,1,CVPR,2017
Kyung Yoo,1,CVPR,2017
Sang-Hun Lee,1,CVPR,2017
Hongsong Wang,1,CVPR,2017
Tianliang Zhang,1,CVPR,2017
Yanzhao Zhou,1,CVPR,2017
Yichao Zhang,1,CVPR,2017
Silvia L. Pintea,1,CVPR,2017
Jan C. Van Gemert,1,CVPR,2017
Hugo Proenca,1,CVPR,2017
Joao C. Neves,1,CVPR,2017
Yu-Wei Chao,1,CVPR,2017
Yuting Zhang,1,CVPR,2017
Luyao Yuan,1,CVPR,2017
Yijie Guo,1,CVPR,2017
Zhiyuan He,1,CVPR,2017
I-An Huang,1,CVPR,2017
Kosuke Takahashi,1,CVPR,2017
Akihiro Miyata,1,CVPR,2017
Shohei Nobuhara,1,CVPR,2017
Takashi Matsuyama,1,CVPR,2017
Marc T. Law,1,CVPR,2017
Yaoliang Yu,1,CVPR,2017
Gunnar A. Sigurdsson,1,CVPR,2017
Santosh Divvala,1,CVPR,2017
Pichao Wang,1,CVPR,2017
Zhimin Gao,1,CVPR,2017
Yuyao Zhang,1,CVPR,2017
Chang Tang,1,CVPR,2017
Haoqiang Fan,1,CVPR,2017
Ziad Al-Halah,1,CVPR,2017
Rainer Stiefelhagen,1,CVPR,2017
Jia-Bin Huang,1,CVPR,2017
Hang Zhao,1,CVPR,2017
Xavier Puig,1,CVPR,2017
Adela Barriuso,1,CVPR,2017
Thibaut Durand,1,CVPR,2017
Taylor Mordan,1,CVPR,2017
Nicolas Thome,1,CVPR,2017
Matthieu Cord,1,CVPR,2017
Charles R. Qi,1,CVPR,2017
Kaichun Mo,1,CVPR,2017
Yurun Tian,1,CVPR,2017
Bin Fan,1,CVPR,2017
Fuchao Wu,1,CVPR,2017
Simon Niklaus,1,CVPR,2017
Angela Yao,1,CVPR,2017
Qingxing Cao,1,CVPR,2017
Yukai Shi,1,CVPR,2017
Pushmeet Kohli,1,CVPR,2017
Xingcheng Zhang,1,CVPR,2017
Zhizhong Li,1,CVPR,2017
Kai Kang,1,CVPR,2017
Xihui Liu,1,CVPR,2017
Cheng Da,1,CVPR,2017
Shibiao Xu,1,CVPR,2017
Kun Ding,1,CVPR,2017
Gaofeng Meng,1,CVPR,2017
Shiming Xiang,1,CVPR,2017
Chunhong Pan,1,CVPR,2017
Wadim Kehl,1,CVPR,2017
Alexander Richard,1,CVPR,2017
Hilde Kuehne,1,CVPR,2017
Wei-Chiu Ma,1,CVPR,2017
Kris M. Kitani,1,CVPR,2017
Haozhi Huang,1,CVPR,2017
Hao Wang,1,CVPR,2017
Wenhan Luo,1,CVPR,2017
Lin Ma,1,CVPR,2017
Wenhao Jiang,1,CVPR,2017
Xiaolong Zhu,1,CVPR,2017
Zhifeng Li,1,CVPR,2017
Juncheng Liu,1,CVPR,2017
Yi Wang,1,CVPR,2017
Jianguo Xiao,1,CVPR,2017
Eisuke Ito,1,CVPR,2017
Takayuki Okatani,1,CVPR,2017
Mude Lin,1,CVPR,2017
Keze Wang,1,CVPR,2017
Hui Cheng,1,CVPR,2017
Magnus Oskarsson,1,CVPR,2017
Theofanis Karaletsos,1,CVPR,2017
Neil Alldrin,1,CVPR,2017
Ivan Krasin,1,CVPR,2017
Lisa Lee,1,CVPR,2017
Gedas Bertasius,1,CVPR,2017
Lorenzo Torresani,1,CVPR,2017
Menghua Zhai,1,CVPR,2017
Zachary Bessinger,1,CVPR,2017
Scott Workman,1,CVPR,2017
Nathan Jacobs,1,CVPR,2017
Matthias Hein,1,CVPR,2017
Jonathan T. Barron,1,CVPR,2017
Yun-Ta Tsai,1,CVPR,2017
Cesc Chunseong Park,1,CVPR,2017
Byeongchang Kim,1,CVPR,2017
Christian Mostegel,1,CVPR,2017
Rudolf Prettenthaler,1,CVPR,2017
Friedrich Fraundorfer,1,CVPR,2017
Horst Bischof,1,CVPR,2017
Ali Pazandeh,1,CVPR,2017
Hamed Pirsiavash,1,CVPR,2017
Xiaobo Wang,1,CVPR,2017
Xiaojie Guo,1,CVPR,2017
Zhen Lei,1,CVPR,2017
Stan Z. Li,1,CVPR,2017
Ke Gong,1,CVPR,2017
Dongyu Zhang,1,CVPR,2017
Fotios Logothetis,1,CVPR,2017
Roberto Mecca,1,CVPR,2017
Peiyun Hu,1,CVPR,2017
Jingming Dong,1,CVPR,2017
Xiaohan Fei,1,CVPR,2017
Bryan Russell,1,CVPR,2017
Achal Dave,1,CVPR,2017
Hexiang Hu,1,CVPR,2017
Shiyi Lan,1,CVPR,2017
Fei Sha,1,CVPR,2017
Florian Bernard,1,CVPR,2017
Frank R. Schmidt,1,CVPR,2017
Johan Thunberg,1,CVPR,2017
Carl Vondrick,1,CVPR,2017
Alan Fern,1,CVPR,2017
Michael Figurnov,1,CVPR,2017
Maxwell D. Collins,1,CVPR,2017
Yukun Zhu,1,CVPR,2017
Dmitry Vetrov,1,CVPR,2017
Bing Su,1,CVPR,2017
Richard Zhang,1,CVPR,2017
Guoying Zhao,1,CVPR,2017
Haiyu Zhao,1,CVPR,2017
Maoqing Tian,1,CVPR,2017
Shuyang Sun,1,CVPR,2017
Jing Shao,1,CVPR,2017
Shuai Yi,1,CVPR,2017
Weifeng Ge,1,CVPR,2017
Noureldien Hussein,1,CVPR,2017
Mahdi Abbaspour Tehrani,1,CVPR,2017
Thabo Beeler,1,CVPR,2017
Anselm Grundhofer,1,CVPR,2017
Ronghang Hu,1,CVPR,2017
Jacob Andreas,1,CVPR,2017
Jun-Yan Zhu,1,CVPR,2017
Prithvijit Chattopadhyay,1,CVPR,2017
Ramprasaath R. Selvaraju,1,CVPR,2017
Hanbyul Joo,1,CVPR,2017
Qi Wu,1,CVPR,2017
Yueqi Duan,1,CVPR,2017
Ziwei Wang,1,CVPR,2017
Naveed Akhtar,1,CVPR,2017
Shijie Yang,1,CVPR,2017
Liang Li,1,CVPR,2017
Weigang Zhang,1,CVPR,2017
Hainan Cui,1,CVPR,2017
Xiang Gao,1,CVPR,2017
Shuhan Shen,1,CVPR,2017
Zhanyi Hu,1,CVPR,2017
Jianan Li,1,CVPR,2017
Tingfa Xu,1,CVPR,2017
Yani Ioannou,1,CVPR,2017
Duncan Robertson,1,CVPR,2017
Antonio Criminisi,1,CVPR,2017
Tushar Sandhan,1,CVPR,2017
Francois Chollet,1,CVPR,2017
Elad Richardson,1,CVPR,2017
Matan Sela,1,CVPR,2017
Roy Or-El,1,CVPR,2017
Minglun Gong,1,CVPR,2017
Yee-Hong Yang,1,CVPR,2017
Shuochen Su,1,CVPR,2017
Mauricio Delbracio,1,CVPR,2017
Jue Wang,1,CVPR,2017
Wolfgang Heidrich,1,CVPR,2017
Jia Xu,1,CVPR,2017
Rene Ranftl,1,CVPR,2017
Yan Yan,1,CVPR,2017
Chenliang Xu,1,CVPR,2017
Dawen Cai,1,CVPR,2017
Jason J. Corso,1,CVPR,2017
Amir R. Zamir,1,CVPR,2017
Te-Lin Wu,1,CVPR,2017
Lin Sun,1,CVPR,2017
William B. Shen,1,CVPR,2017
Bertram E. Shi,1,CVPR,2017
Zhun Zhong,1,CVPR,2017
Donglin Cao,1,CVPR,2017
Yue Cao,1,CVPR,2017
Shichen Liu,1,CVPR,2017
Yikang Li,1,CVPR,2017
Xiao'Ou Tang,1,CVPR,2017
Wenhan Yang,1,CVPR,2017
Robby T. Tan,1,CVPR,2017
Hengheng Zhang,1,CVPR,2017
Shaoyan Sun,1,CVPR,2017
Zequn Jie,1,CVPR,2017
Xiaojie Jin,1,CVPR,2017
Miroslava Slavcheva,1,CVPR,2017
Maximilian Baust,1,CVPR,2017
Matthias Mueller,1,CVPR,2017
Neil Smith,1,CVPR,2017
Jiayu Zhou,1,CVPR,2017
Rong Jin,1,CVPR,2017
Xi Yin,1,CVPR,2017
Mengyang Yu,1,CVPR,2017
Geoffrey Pascoe,1,CVPR,2017
Will Maddern,1,CVPR,2017
Michael Tanner,1,CVPR,2017
Pedro Pinies,1,CVPR,2017
Paul Newman,1,CVPR,2017
Hossam Isack,1,CVPR,2017
Ipek Oguz,1,CVPR,2017
Milan Sonka,1,CVPR,2017
Fabian Caba Heilbron,1,CVPR,2017
Wayner Barrios,1,CVPR,2017
Yan Zhu,1,CVPR,2017
Yuandong Tian,1,CVPR,2017
Dimitris Metaxas,1,CVPR,2017
Yu Kong,1,CVPR,2017
Zhiqiang Tao,1,CVPR,2017
Hans Hardmeier,1,CVPR,2017
Saining Xie,1,CVPR,2017
Shan Su,1,CVPR,2017
Jung Pyo Hong,1,CVPR,2017
Hyun Soo Park,1,CVPR,2017
Amir Arsalan Soltani,1,CVPR,2017
Haibin Huang,1,CVPR,2017
Tejas D. Kulkarni,1,CVPR,2017
Bo Zhao,1,CVPR,2017
Yunbo Wang,1,CVPR,2017
Matthew O'Toole,1,CVPR,2017
Felix Heide,1,CVPR,2017
David B. Lindell,1,CVPR,2017
Kai Zang,1,CVPR,2017
Steven Diamond,1,CVPR,2017
Xiaodong Yang,1,CVPR,2017
Shalini De Mello,1,CVPR,2017
Zhaopeng Cui,1,CVPR,2017
Ping Tan,1,CVPR,2017
Yao Zhao,1,CVPR,2017
Hao Yang,1,CVPR,2017
Joey Tianyi Zhou,1,CVPR,2017
Yew Soon Ong,1,CVPR,2017
Tobias Plotz,1,CVPR,2017
Jan Kuske,1,CVPR,2017
Hassan Abu Alhaija,1,CVPR,2017
Dagmar Kainmuller,1,CVPR,2017
Yang Long,1,CVPR,2017
Guiguang Ding,1,CVPR,2017
Jungong Han,1,CVPR,2017
Akihiko Torii,1,CVPR,2017
Hajime Taira,1,CVPR,2017
Masatoshi Okutomi,1,CVPR,2017
Ling-Yu Duan,1,CVPR,2017
Alex C. Kot,1,CVPR,2017
Lorenzo Baraldi,1,CVPR,2017
Costantino Grana,1,CVPR,2017
Ronak Kosti,1,CVPR,2017
Jose M. Alvarez,1,CVPR,2017
Adria Recasens,1,CVPR,2017
Agata Lapedriza,1,CVPR,2017
Jongyoo Kim,1,CVPR,2017
Sanghoon Lee,1,CVPR,2017
Jian Shi,1,CVPR,2017
Yue Dong,1,CVPR,2017
Xiangyu Kong,1,CVPR,2017
Bo Xin,1,CVPR,2017
Yizhou Wang,1,CVPR,2017
Zaeem Hussain,1,CVPR,2017
Mingda Zhang,1,CVPR,2017
Xiaozhong Zhang,1,CVPR,2017
Keren Ye,1,CVPR,2017
Christopher Thomas,1,CVPR,2017
Zuha Agha,1,CVPR,2017
Nathan Ong,1,CVPR,2017
Adriana Kovashka,1,CVPR,2017
Adel Bibi,1,CVPR,2017
Hani Itani,1,CVPR,2017
Pierre Baque,1,CVPR,2017
Jinsun Park,1,CVPR,2017
Donghyeon Cho,1,CVPR,2017
Seyed-Mohsen Moosavi-Dezfooli,1,CVPR,2017
Alhussein Fawzi,1,CVPR,2017
Omar Fawzi,1,CVPR,2017
Pascal Frossard,1,CVPR,2017
Hamed R. Tavakoli,1,CVPR,2017
Fawad Ahmed,1,CVPR,2017
Jorma Laaksonen,1,CVPR,2017
Ehsan Elhamifar,1,CVPR,2017
M. Clara De Paolis Kaluza,1,CVPR,2017
Ishan Misra,1,CVPR,2017
Matthew Fisher,1,CVPR,2017
Jianxiong Xiao,1,CVPR,2017
Joon Hee Han,1,CVPR,2017
Nikolay Savinov,1,CVPR,2017
Lubor Ladicky,1,CVPR,2017
Xiao Chu,1,CVPR,2017
Wei Yang,1,CVPR,2017
Cheng Ma,1,CVPR,2017
Wei Li,1,CVPR,2017
Farnaz Abtahi,1,CVPR,2017
Zhigang Zhu,1,CVPR,2017
David G. Lowe,1,CVPR,2017
Katsuyuki Nakamura,1,CVPR,2017
Huu Le,1,CVPR,2017
Tat-Jun Chin,1,CVPR,2017
David Suter,1,CVPR,2017
Dongdong Chen,1,CVPR,2017
Jing Liao,1,CVPR,2017
Xiaozhi Chen,1,CVPR,2017
Huimin Ma,1,CVPR,2017
Ji Wan,1,CVPR,2017
Bo Li,1,CVPR,2017
Tian Xia,1,CVPR,2017
Zhiqiang Shen,1,CVPR,2017
Jianguo Li,1,CVPR,2017
Zhou Su,1,CVPR,2017
Minjun Li,1,CVPR,2017
Yu-Gang Jiang,1,CVPR,2017
Xiangyang Xue,1,CVPR,2017
Matthew Trager,1,CVPR,2017
John Canny,1,CVPR,2017
Giorgio Patrini,1,CVPR,2017
Alessandro Rozza,1,CVPR,2017
Aditya Krishna Menon,1,CVPR,2017
Richard Nock,1,CVPR,2017
Lizhen Qu,1,CVPR,2017
Falong Shen,1,CVPR,2017
Rui Gan,1,CVPR,2017
Gang Zeng,1,CVPR,2017
Yuliang Liu,1,CVPR,2017
Lianwen Jin,1,CVPR,2017
Dayu Yue,1,CVPR,2017
Oliver Zendel,1,CVPR,2017
Katrin Honauer,1,CVPR,2017
Markus Murschitz,1,CVPR,2017
Martin Humenberger,1,CVPR,2017
Gustavo Fernandez Dominguez,1,CVPR,2017
Liuhao Ge,1,CVPR,2017
Hui Liang,1,CVPR,2017
Daniel Thalmann,1,CVPR,2017
Sylvestre-Alvise Rebuffi,1,CVPR,2017
Alexander Kolesnikov,1,CVPR,2017
Georg Sperl,1,CVPR,2017
Christoph H. Lampert,1,CVPR,2017
Umar Iqbal,1,CVPR,2017
Emilio J. Almazan,1,CVPR,2017
Ron Tal,1,CVPR,2017
James H. Elder,1,CVPR,2017
Florian Chabot,1,CVPR,2017
Mohamed Chaouch,1,CVPR,2017
Jaonary Rabarisoa,1,CVPR,2017
Celine Teuliere,1,CVPR,2017
Thierry Chateau,1,CVPR,2017
Zhengming Ding,1,CVPR,2017
Ming Shao,1,CVPR,2017
Mariano Tepper,1,CVPR,2017
Jacob Chan,1,CVPR,2017
Jimmy Addison Lee,1,CVPR,2017
Qian Kemao,1,CVPR,2017
Ahmet Iscen,1,CVPR,2017
Teddy Furon,1,CVPR,2017
Yanchao Yang,1,CVPR,2017
Xiaosong Wang,1,CVPR,2017
Yifan Peng,1,CVPR,2017
Le Lu,1,CVPR,2017
Zhiyong Lu,1,CVPR,2017
Mohammadhadi Bagheri,1,CVPR,2017
Ronald M. Summers,1,CVPR,2017
Ashish Shrivastava,1,CVPR,2017
Tomas Pfister,1,CVPR,2017
Oncel Tuzel,1,CVPR,2017
Joshua Susskind,1,CVPR,2017
Wenda Wang,1,CVPR,2017
Russell Webb,1,CVPR,2017
Tsung-Yi Lin,1,CVPR,2017
Samuel Rota Bulo,1,CVPR,2017
Gerhard Neuhold,1,CVPR,2017
Peter Kontschieder,1,CVPR,2017
Hyo Jin Kim,1,CVPR,2017
Enrique Dunn,1,CVPR,2017
Tali Dekel,1,CVPR,2017
Michael Rubinstein,1,CVPR,2017
Ce Liu,1,CVPR,2017
Dinghuang Ji,1,CVPR,2017
Junghyun Kwon,1,CVPR,2017
Max Mcfarland,1,CVPR,2017
Henryk Blasinski,1,CVPR,2017
Joyce Farrell,1,CVPR,2017
Brian Wandell,1,CVPR,2017
Huazhe Xu,1,CVPR,2017
Linjie Yang,1,CVPR,2017
Kevin Tang,1,CVPR,2017
Jianchao Yang,1,CVPR,2017
Zelun Luo,1,CVPR,2017
Boya Peng,1,CVPR,2017
Che-Han Chang,1,CVPR,2017
Chun-Nan Chou,1,CVPR,2017
Edward Y. Chang,1,CVPR,2017
Kuo-Hao Zeng,1,CVPR,2017
Shih-Han Chou,1,CVPR,2017
Fu-Hsiang Chan,1,CVPR,2017
Shireen Elhabian,1,CVPR,2017
Ross Whitaker,1,CVPR,2017
Shiyu Huang,1,CVPR,2017
Zhanning Gao,1,CVPR,2017
Nebojsa Jojic,1,CVPR,2017
Le Wang,1,CVPR,2017
Jianru Xue,1,CVPR,2017
Pan Zhou,1,CVPR,2017
Hongliang Yan,1,CVPR,2017
Yukang Ding,1,CVPR,2017
Yong Xu,1,CVPR,2017
Li Yi,1,CVPR,2017
Xingwen Guo,1,CVPR,2017
Vijay Rengarajan,1,CVPR,2017
Yogesh Balaji,1,CVPR,2017
Dong Gong,1,CVPR,2017
Jie Yang,1,CVPR,2017
Yanning Zhang,1,CVPR,2017
Qinfeng Shi,1,CVPR,2017
Patrick Knobelreiter,1,CVPR,2017
Christian Reinbacher,1,CVPR,2017
Alexander Shekhovtsov,1,CVPR,2017
Thomas Pock,1,CVPR,2017
Xizhou Zhu,1,CVPR,2017
Yuwen Xiong,1,CVPR,2017
Yi Li,1,CVPR,2017
Haozhi Qi,1,CVPR,2017
Xiangyang Ji,1,CVPR,2017
Pankaj Pansari,1,CVPR,2017
Yuan Xie,1,CVPR,2017
Rafael S. Rezende,1,CVPR,2017
Joaquin Zepeda,1,CVPR,2017
Francis Bach,1,CVPR,2017
Kaimo Lin,1,CVPR,2017
Nianjuan Jiang,1,CVPR,2017
Shuaicheng Liu,1,CVPR,2017
Loong-Fah Cheong,1,CVPR,2017
Minh Do,1,CVPR,2017
Tan Yu,1,CVPR,2017
Yuwei Wu,1,CVPR,2017
Zhen Wei,1,CVPR,2017
Jinqiao Wang,1,CVPR,2017
Hanjiang Lai,1,CVPR,2017
Se-Ho Lee,1,CVPR,2017
Matteo Poggi,1,CVPR,2017
Stefano Mattoccia,1,CVPR,2017
Tonmoy Saikia,1,CVPR,2017
Yu-Xiong Wang,1,CVPR,2017
Zhen-Hua Feng,1,CVPR,2017
Josef Kittler,1,CVPR,2017
William Christmas,1,CVPR,2017
Patrik Huber,1,CVPR,2017
Xiao-Jun Wu,1,CVPR,2017
Calvin Murdock,1,CVPR,2017
Denis Tome,1,CVPR,2017
Chris Russell,1,CVPR,2017
Lourdes Agapito,1,CVPR,2017
Siavash Gorji,1,CVPR,2017
James J. Clark,1,CVPR,2017
Song Bai,1,CVPR,2017
Hyunwoo J. Kim,1,CVPR,2017
Nagesh Adluru,1,CVPR,2017
Heemanshu Suri,1,CVPR,2017
Baoguang Shi,1,CVPR,2017
Baoyuan Wu,1,CVPR,2017
Fan Jia,1,CVPR,2017
Zhiwei Deng,1,CVPR,2017
Rajitha Navarathna,1,CVPR,2017
Stephan Mandt,1,CVPR,2017
Yisong Yue,1,CVPR,2017
Vsr Veeravasarapu,1,CVPR,2017
Constantin Rothkopf,1,CVPR,2017
Ramesh Visvanathan,1,CVPR,2017
Abhinav Shrivastava,1,CVPR,2017
Saurabh Gupta,1,CVPR,2017
James Davidson,1,CVPR,2017
Sergey Levine,1,CVPR,2017
Rahul Sukthankar,1,CVPR,2017
Kan Chen,1,CVPR,2017
Trung Bui,1,CVPR,2017
Ram Nevatia,1,CVPR,2017
Federico Perazzi,1,CVPR,2017
Alexander Sorkine-Hornung,1,CVPR,2017
Kenneth Marino,1,CVPR,2017
Shiming Ge,1,CVPR,2017
Qiting Ye,1,CVPR,2017
Zhao Luo,1,CVPR,2017
Sean Ryan Fanello,1,CVPR,2017
Christoph Rhemann,1,CVPR,2017
Adarsh Kowdle,1,CVPR,2017
Vladimir Tankovich,1,CVPR,2017
Philip Davidson,1,CVPR,2017
Shahram Izadi,1,CVPR,2017
Deepak Pathak,1,CVPR,2017
Kimin Yun,1,CVPR,2017
Zi Huang,1,CVPR,2017
Huixuan Tang,1,CVPR,2017
Stephen Schiller,1,CVPR,2017
Weixiang Hong,1,CVPR,2017
Sreyasee Das Bhattacharjee,1,CVPR,2017
Yunseok Jang,1,CVPR,2017
Youngjin Kim,1,CVPR,2017
Munawar Hayat,1,CVPR,2017
Salman H. Khan,1,CVPR,2017
Naoufel Werghi,1,CVPR,2017
Roland Goecke,1,CVPR,2017
Fan Yang,1,CVPR,2017
Xin Li,1,CVPR,2017
Hong Cheng,1,CVPR,2017
Jianping Li,1,CVPR,2017
Leiting Chen,1,CVPR,2017
Tobias Palmer,1,CVPR,2017
Johann Sawatzky,1,CVPR,2017
Abhilash Srikantha,1,CVPR,2017
Jack Valmadre,1,CVPR,2017
Luca Bertinetto,1,CVPR,2017
Joao Henriques,1,CVPR,2017
Michael Strecke,1,CVPR,2017
Anna Alperovich,1,CVPR,2017
Bastian Goldluecke,1,CVPR,2017
Peng Tang,1,CVPR,2017
Xinggang Wang,1,CVPR,2017
Wenyu Liu,1,CVPR,2017
Shan Li,1,CVPR,2017
Yuming Shen,1,CVPR,2017
Xianglong Liu,1,CVPR,2017
Timothy M. Hospedales,1,CVPR,2017
Wankou Yang,1,CVPR,2017
Changyin Sun,1,CVPR,2017
Hengshuang Zhao,1,CVPR,2017
Jianping Shi,1,CVPR,2017
Xiaojuan Qi,1,CVPR,2017
Jiaya Jia,1,CVPR,2017
Julieta Martinez,1,CVPR,2017
C. Lawrence Zitnick,1,CVPR,2017
Shyamal Buch,1,CVPR,2017
Chuanqi Shen,1,CVPR,2017
Yin Cui,1,CVPR,2017
Feng Zhou,1,CVPR,2017
Jiang Wang,1,CVPR,2017
Xiao Liu,1,CVPR,2017
Yuanqing Lin,1,CVPR,2017
Chong Peng,1,CVPR,2017
Zhao Kang,1,CVPR,2017
Qiang Cheng,1,CVPR,2017
Julian Straub,1,CVPR,2017
Trevor Campbell,1,CVPR,2017
Jonathan P. How,1,CVPR,2017
John W. Fisher Iii,1,CVPR,2017
Vamsi K. Ithapu,1,CVPR,2017
Risi Kondor,1,CVPR,2017
Wayne Treible,1,CVPR,2017
Philip Saponaro,1,CVPR,2017
Scott Sorensen,1,CVPR,2017
Abhishek Kolagunda,1,CVPR,2017
Michael O'Neal,1,CVPR,2017
Brian Phelan,1,CVPR,2017
Kelly Sherbondy,1,CVPR,2017
Chandra Kambhamettu,1,CVPR,2017
Ning Xu,1,CVPR,2017
Thomas Huang,1,CVPR,2017
Anil Usumezbas,1,CVPR,2017
Ricardo Fabbri,1,CVPR,2017
Benjamin B. Kimia,1,CVPR,2017
Slawomir Bak,1,CVPR,2017
Yun Liu,1,CVPR,2017
Kai Wang,1,CVPR,2017
Rui Yang,1,CVPR,2017
Chao Ma,1,CVPR,2017
Yi Xu,1,CVPR,2017
Amaia Salvador,1,CVPR,2017
Nicholas Hynes,1,CVPR,2017
Yusuf Aytar,1,CVPR,2017
Javier Marin,1,CVPR,2017
Ferda Ofli,1,CVPR,2017
Ingmar Weber,1,CVPR,2017
Yanhua Cheng,1,CVPR,2017
Rui Cai,1,CVPR,2017
Zhiwei Li,1,CVPR,2017
Jun Guo,1,CVPR,2017
Hongyang Chao,1,CVPR,2017
Minsi Wang,1,CVPR,2017
Heng Zhang,1,CVPR,2017
Vishal M. Patel,1,CVPR,2017
Rama Chellappa,1,CVPR,2017
Behnam Gholami,1,CVPR,2017
Bo Dai,1,CVPR,2017
Yuqi Zhang,1,CVPR,2017
Kai Chen,1,CVPR,2017
Hang Song,1,CVPR,2017
Ionut Cosmin Duta,1,CVPR,2017
Bogdan Ionescu,1,CVPR,2017
Jiayuan Mao,1,CVPR,2017
Tete Xiao,1,CVPR,2017
Ying Tai,1,CVPR,2017
Jian Yang,1,CVPR,2017
Fei Wang,1,CVPR,2017
Mengqing Jiang,1,CVPR,2017
Chen Qian,1,CVPR,2017
Shuo Yang,1,CVPR,2017
Cheng Li,1,CVPR,2017
Honggang Zhang,1,CVPR,2017
Hyungjin Ko,1,CVPR,2017
Elyor Kodirov,1,CVPR,2017
Roy J. Jevnisek,1,CVPR,2017
Shai Avidan,1,CVPR,2017
Xiaoxiao Li,1,CVPR,2017
Ziwei Liu,1,CVPR,2017
Qibin Hou,1,CVPR,2017
Shanshan Zhang,1,CVPR,2017
Qing-Yuan Jiang,1,CVPR,2017
Wu-Jun Li,1,CVPR,2017
Luping Zhou,1,CVPR,2017
Lei Wang,1,CVPR,2017
Jianjia Zhang,1,CVPR,2017
Yinghuan Shi,1,CVPR,2017
Christian Bailer,1,CVPR,2017
Kiran Varanasi,1,CVPR,2017
Didier Stricker,1,CVPR,2017
Thomas Schops,1,CVPR,2017
Silvano Galliani,1,CVPR,2017
Konrad Schindler,1,CVPR,2017
Zhiwei Xiong,1,CVPR,2017
Lizhi Wang,1,CVPR,2017
Huiqun Li,1,CVPR,2017
Dong Liu,1,CVPR,2017
Feng Wu,1,CVPR,2017
Yanan Li,1,CVPR,2017
Donghui Wang,1,CVPR,2017
Huanhang Hu,1,CVPR,2017
Yuetan Lin,1,CVPR,2017
Yueting Zhuang,1,CVPR,2017
Qiuhong Ke,1,CVPR,2017
Mohammed Bennamoun,1,CVPR,2017
Senjian An,1,CVPR,2017
Ferdous Sohel,1,CVPR,2017
Farid Boussaid,1,CVPR,2017
Thalaiyasingam Ajanthan,1,CVPR,2017
Alban Desmaison,1,CVPR,2017
Rudy Bunel,1,CVPR,2017
Haoliang Sun,1,CVPR,2017
Xiantong Zhen,1,CVPR,2017
Yuanjie Zheng,1,CVPR,2017
Gongping Yang,1,CVPR,2017
Yilong Yin,1,CVPR,2017
Shuo Li,1,CVPR,2017
Jiangjing Lv,1,CVPR,2017
Xiaohu Shao,1,CVPR,2017
Junliang Xing,1,CVPR,2017
Cheng Cheng,1,CVPR,2017
Xi Zhou,1,CVPR,2017
Matthias Vestner,1,CVPR,2017
Roee Litman,1,CVPR,2017
Alex Bronstein,1,CVPR,2017
Abed Malti,1,CVPR,2017
Cedric Herzet,1,CVPR,2017
Irene Kaltenmark,1,CVPR,2017
Benjamin Charlier,1,CVPR,2017
Nicolas Charon,1,CVPR,2017
Jack Sim,1,CVPR,2017
Hartwig Adam,1,CVPR,2017
Rahaf Aljundi,1,CVPR,2017
Punarjay Chakravarty,1,CVPR,2017
Tinne Tuytelaars,1,CVPR,2017
Amlan Kar,1,CVPR,2017
Nishant Rai,1,CVPR,2017
Karan Sikka,1,CVPR,2017
Pavel Tokmakov,1,CVPR,2017
Karteek Alahari,1,CVPR,2017
Chong You,1,CVPR,2017
Daniel P. Robinson,1,CVPR,2017
Robert Walecki,1,CVPR,2017
Ognjen (Oggi) Rudovic,1,CVPR,2017
Bjoern Schuller,1,CVPR,2017
Maja Pantic,1,CVPR,2017
Bochao Wang,1,CVPR,2017
Anil Armagan,1,CVPR,2017
Martin Hirzer,1,CVPR,2017
Peter M. Roth,1,CVPR,2017
Vincent Lepetit,1,CVPR,2017
Gregory Rogez,1,CVPR,2017
Philippe Weinzaepfel,1,CVPR,2017
Yeong Jun Koh,1,CVPR,2017
Hou-Ning Hu,1,CVPR,2017
Yen-Chen Lin,1,CVPR,2017
Hsien-Tzu Cheng,1,CVPR,2017
Yung-Ju Chang,1,CVPR,2017
Zhiyuan Shi,1,CVPR,2017
Yue Wu,1,CVPR,2017
Chao Gou,1,CVPR,2017
Qiang Ji,1,CVPR,2017
Qianru Sun,1,CVPR,2017
Hongteng Xu,1,CVPR,2017
Junchi Yan,1,CVPR,2017
Nils Persson,1,CVPR,2017
Weiyao Lin,1,CVPR,2017
Hongyuan Zha,1,CVPR,2017
Eunbyung Park,1,CVPR,2017
Duygu Ceylan,1,CVPR,2017
Alexander C. Berg,1,CVPR,2017
Meiguang Jin,1,CVPR,2017
Paolo Favaro,1,CVPR,2017
Dafang He,1,CVPR,2017
Chen Liang,1,CVPR,2017
Zihan Zhou,1,CVPR,2017
Alexander G. Ororbi Ii,1,CVPR,2017
Anirban Roy,1,CVPR,2017
Sathya N. Ravi,1,CVPR,2017
Yunyang Xiong,1,CVPR,2017
Lopamudra Mukherjee,1,CVPR,2017
Jaewon Kim,1,CVPR,2017
Ilya Reshetouski,1,CVPR,2017
Abhijeet Ghosh,1,CVPR,2017
Won Hwa Kim,1,CVPR,2017
Mona Jalal,1,CVPR,2017
Seongjae Hwang,1,CVPR,2017
Gernot Riegler,1,CVPR,2017
Stamatios Lefkimmiatis,1,CVPR,2017
Joel Janai,1,CVPR,2017
Fatma Guney,1,CVPR,2017
Yicong Tian,1,CVPR,2017
Yuncheng Li,1,CVPR,2017
Bin Jin,1,CVPR,2017
Maria V. Ortiz Segovia,1,CVPR,2017
Hakan Bilen,1,CVPR,2017
Haichen Shen,1,CVPR,2017
Seungyeop Han,1,CVPR,2017
Matthai Philipose,1,CVPR,2017
Arvind Krishnamurthy,1,CVPR,2017
Hiroyuki Kayaba,1,CVPR,2017
Yuji Kokumai,1,CVPR,2017
Suyog Dutt Jain,1,CVPR,2017
Bo Xiong,1,CVPR,2017
Zehuan Yuan,1,CVPR,2017
Jonathan C. Stroud,1,CVPR,2017
Tong Lu,1,CVPR,2017
Martin Simonovsky,1,CVPR,2017
Forrester Cole,1,CVPR,2017
David Belanger,1,CVPR,2017
Aaron Sarna,1,CVPR,2017
Inbar Mosseri,1,CVPR,2017
Xishan Zhang,1,CVPR,2017
Ke Gao,1,CVPR,2017
Yongdong Zhang,1,CVPR,2017
Dongming Zhang,1,CVPR,2017
Jintao Li,1,CVPR,2017
Konstantinos Bousmalis,1,CVPR,2017
Nathan Silberman,1,CVPR,2017
David Dohan,1,CVPR,2017
Dumitru Erhan,1,CVPR,2017
Tatsuya Yokota,1,CVPR,2017
Hidekata Hontani,1,CVPR,2017
Sanping Zhou,1,CVPR,2017
Jinjun Wang,1,CVPR,2017
Jiayun Wang,1,CVPR,2017
Yihong Gong,1,CVPR,2017
Md Amirul Islam,1,CVPR,2017
Mrigank Rochan,1,CVPR,2017
Neil D. B. Bruce,1,CVPR,2017
Yang Wang,1,CVPR,2017
Xin Yu,1,CVPR,2017
Shi Guo,1,CVPR,2017
Yunjin Chen,1,CVPR,2017
Chongyu Chen,1,CVPR,2017
Evangelos Kalogerakis,1,CVPR,2017
Melinos Averkiou,1,CVPR,2017
Subhransu Maji,1,CVPR,2017
Siddhartha Chaudhuri,1,CVPR,2017
Yi-Hsuan Tsai,1,CVPR,2017
Xing Xu,1,CVPR,2017
Dongxiang Zhang,1,CVPR,2017
Jingkuan Song,1,CVPR,2017
Seyed Morteza Safdarnejad,1,CVPR,2017
Jiawei Zhang,1,CVPR,2017
Jinshan Pan,1,CVPR,2017
Bo Chen,1,CVPR,2017
Qingan Yan,1,CVPR,2017
Long Yang,1,CVPR,2017
Ling Zhang,1,CVPR,2017
Chunxia Xiao,1,CVPR,2017
Samitha Herath,1,CVPR,2017
Xueyang Fu,1,CVPR,2017
Jiabin Huang,1,CVPR,2017
Delu Zeng,1,CVPR,2017
Yue Huang,1,CVPR,2017
Xinghao Ding,1,CVPR,2017
John Paisley,1,CVPR,2017
Wei Zhang,1,CVPR,2017
Zhineng Chen,1,CVPR,2017
Seungjun Nah,1,CVPR,2017
Tae Hyun Kim,1,CVPR,2017
Kyoung Mu Lee,1,CVPR,2017
Yupei Wang,1,CVPR,2017
Haomiao Liu,1,CVPR,2017
Sifei Liu,1,CVPR,2017
Kai Zhang,1,CVPR,2017
Tatsunori Taniai,1,CVPR,2017
Yoichi Sato,1,CVPR,2017
Rodrigo Santa Cruz,1,CVPR,2017
Pratul P. Srinivasan,1,CVPR,2017
Ren Ng,1,CVPR,2017
Mihoko Shimano,1,CVPR,2017
Hiroki Okawa,1,CVPR,2017
Yuta Asano,1,CVPR,2017
Ryoma Bise,1,CVPR,2017
Imari Sato,1,CVPR,2017
Leon A. Gatys,1,CVPR,2017
Alexander S. Ecker,1,CVPR,2017
Matthias Bethge,1,CVPR,2017
Aaron Hertzmann,1,CVPR,2017
Yang Chen,1,CVPR,2017
Yong-Jin Liu,1,CVPR,2017
Yu-Kun Lai,1,CVPR,2017
Yanyang Yan,1,CVPR,2017
Wenqi Ren,1,CVPR,2017
Peisong Wang,1,CVPR,2017
Jian Cheng,1,CVPR,2017
Mengmeng Wang,1,CVPR,2017
Yong Liu,1,CVPR,2017
Zeyi Huang,1,CVPR,2017
Wei Shen,1,CVPR,2017
Rujie Liu,1,CVPR,2017
Tsuyoshi Takatani,1,CVPR,2017
Takahito Aoto,1,CVPR,2017
Zhi-Qi Cheng,1,CVPR,2017
Yang Liu,1,CVPR,2017
Xian-Sheng Hua,1,CVPR,2017
Tai-Xiang Jiang,1,CVPR,2017
Ting-Zhu Huang,1,CVPR,2017
Xi-Le Zhao,1,CVPR,2017
Liang-Jian Deng,1,CVPR,2017
Yao Wang,1,CVPR,2017
Liangqiong Qu,1,CVPR,2017
Shengfeng He,1,CVPR,2017
Devraj Mandal,1,CVPR,2017
Kunal N. Chaudhury,1,CVPR,2017
Soma Biswas,1,CVPR,2017
Yuanming Hu,1,CVPR,2017
Baoyuan Wang,1,CVPR,2017
Nazim Haouchine,1,CVPR,2017
Stephane Cotin,1,CVPR,2017
Jayakorn Vongkulbhisal,1,CVPR,2017
Leonid Karlinsky,1,CVPR,2017
Joseph Shtok,1,CVPR,2017
Yochay Tzur,1,CVPR,2017
Asaf Tzadok,1,CVPR,2017
Ya-Fang Shih,1,CVPR,2017
Yang-Ming Yeh,1,CVPR,2017
Yen-Yu Lin,1,CVPR,2017
Ming-Fang Weng,1,CVPR,2017
Yi-Chang Lu,1,CVPR,2017
Yung-Yu Chuang,1,CVPR,2017
Junho Yim,1,CVPR,2017
Donggyu Joo,1,CVPR,2017
Jihoon Bae,1,CVPR,2017
Changqun Xia,1,CVPR,2017
Xiaowu Chen,1,CVPR,2017
Anlin Zheng,1,CVPR,2017
Yu Zhang,1,CVPR,2017
Tobias Pohlen,1,CVPR,2017
Alexander Hermans,1,CVPR,2017
Markus Mathias,1,CVPR,2017
Anurag Ranjan,1,CVPR,2017
Junwu Weng,1,CVPR,2017
Chaoqun Weng,1,CVPR,2017
Jiawang Bian,1,CVPR,2017
Wen-Yan Lin,1,CVPR,2017
Tan-Dat Nguyen,1,CVPR,2017
Chao Zhang,1,CVPR,2017
Sergi Pujades,1,CVPR,2017
Yunho Jeon,1,CVPR,2017
Weihong Ren,1,CVPR,2017
Zhi Han,1,CVPR,2017
Antoni Chan,1,CVPR,2017
Jie Song,1,CVPR,2017
Otmar Hilliges,1,CVPR,2017
Lluis Gomez,1,CVPR,2017
Yash Patel,1,CVPR,2017
Marcal Rusinol,1,CVPR,2017
Dimosthenis Karatzas,1,CVPR,2017
Naeemullah Khan,1,CVPR,2017
Byung-Woo Hong,1,CVPR,2017
Anthony Yezzi,1,CVPR,2017
Dong Lao,1,CVPR,2017
Yi Chang,1,CVPR,2017
Luxin Yan,1,CVPR,2017
Sheng Zhong,1,CVPR,2017
Yiling Wu,1,CVPR,2017
Qinghua Hu,1,CVPR,2017
Huazhu Fu,1,CVPR,2017
Pengfei Zhu,1,CVPR,2017
Michel Antunes,1,CVPR,2017
Joao P. Barreto,1,CVPR,2017
Djamila Aouada,1,CVPR,2017
Bjorn Ottersten,1,CVPR,2017
Oscar Koller,1,CVPR,2017
Sepehr Zargaran,1,CVPR,2017
Hermann Ney,1,CVPR,2017
Yinpeng Dong,1,CVPR,2017
Hang Su,1,CVPR,2017
Jun Zhu,1,CVPR,2017
Bo Zhang,1,CVPR,2017
Timur Bagautdinov,1,CVPR,2017
Yuanjun Xiong,1,CVPR,2017
Tianzhu Zhang,1,CVPR,2017
Changsheng Xu,1,CVPR,2017
Kui Jia,1,CVPR,2017
Shenghua Gao,1,CVPR,2017
Xiangmin Xu,1,CVPR,2017
Chao Peng,1,CVPR,2017
Xiangyu Zhang,1,CVPR,2017
Gang Yu,1,CVPR,2017
Guiming Luo,1,CVPR,2017
Jiaolong Yang,1,CVPR,2017
Peiran Ren,1,CVPR,2017
Dong Chen,1,CVPR,2017
Fang Wen,1,CVPR,2017
Hongdong Li,1,CVPR,2017
Mengmi Zhang,1,CVPR,2017
Keng Teck Ma,1,CVPR,2017
Joo Hwee Lim,1,CVPR,2017
Qi Zhao,1,CVPR,2017
Liyuan Pan,1,CVPR,2017
Yuchao Dai,1,CVPR,2017
Santhosh K. Ramakrishnan,1,CVPR,2017
Ambar Pal,1,CVPR,2017
Anurag Mittal,1,CVPR,2017
Bo Jiang,1,CVPR,2017
Jin Tang,1,CVPR,2017
Chris Ding,1,CVPR,2017
Bin Luo,1,CVPR,2017
Yufan Liu,1,CVPR,2017
Songyang Zhang,1,CVPR,2017
Mai Xu,1,CVPR,2017
Le Yang,1,CVPR,2017
Deyu Meng,1,CVPR,2017
Dong Xu,1,CVPR,2017
Heliang Zheng,1,CVPR,2017
Subeesh Vasu,1,CVPR,2017
Tommaso Cavallari,1,CVPR,2017
Nicholas A. Lord,1,CVPR,2017
Luigi Di Stefano,1,CVPR,2017
Anh Nguyen,1,CVPR,2017
Jeff Clune,1,CVPR,2017
Yoshua Bengio,1,CVPR,2017
Jason Yosinski,1,CVPR,2017
Piotr Koniusz,1,CVPR,2017
Yusuf Tas,1,CVPR,2017
Lu Sheng,1,CVPR,2017
Tat-Jen Cham,1,CVPR,2017
King Ngi Ngan,1,CVPR,2017
Nikolaos Arvanitopoulos,1,CVPR,2017
Hao Guan,1,CVPR,2017
William A. P. Smith,1,CVPR,2017
Nour Karessli,1,CVPR,2017
Andreas Bulling,1,CVPR,2017
Shuang Ma,1,CVPR,2017
Jing Liu,1,CVPR,2017
Federico Camposeco,1,CVPR,2017
Andrea Cohen,1,CVPR,2017
Gad Cohen,1,CVPR,2017
Daphna Weinshall,1,CVPR,2017
Shay Zweig,1,CVPR,2017
Yongqin Xian,1,CVPR,2017
Mengjiao Wang,1,CVPR,2017
Aviv Eisenschtat,1,CVPR,2017
Maggie Wigness,1,CVPR,2017
John G. Rogers Iii,1,CVPR,2017
Seyed A. Esmaeili,1,CVPR,2017
Bharat Singh,1,CVPR,2017
Gil Elbaz,1,CVPR,2017
Tamar Avraham,1,CVPR,2017
Anath Fischer,1,CVPR,2017
Amit Shaked,1,CVPR,2017
Guido Borghi,1,CVPR,2017
Marco Venturelli,1,CVPR,2017
Roberto Vezzani,1,CVPR,2017
Laura Sevilla-Lara,1,CVPR,2017
Lucas Theis,1,CVPR,2017
Ferenc Huszar,1,CVPR,2017
Andrew Cunningham,1,CVPR,2017
Alykhan Tejani,1,CVPR,2017
Ondrej Miksik,1,CVPR,2017
Juan-Manuel Perez-Rua,1,CVPR,2017
Gao Huang,1,CVPR,2017
Zhuang Liu,1,CVPR,2017
Kilian Q. Weinberger,1,CVPR,2017
Dongfei Yu,1,CVPR,2017
Yong Rui,1,CVPR,2017
Jonathan Brandt,1,CVPR,2017
Zhipeng Mo,1,CVPR,2017
Zhen Zhou,1,CVPR,2017
Tieniu Tan,1,CVPR,2017
Cesar Roberto De Souza,1,CVPR,2017
Adrien Gaidon,1,CVPR,2017
Yohann Cabon,1,CVPR,2017
Antonio Manuel Lopez,1,CVPR,2017
Aidean Sharghi,1,CVPR,2017
Jacob S. Laurel,1,CVPR,2017
Soumyadip Sengupta,1,CVPR,2017
Tal Amir,1,CVPR,2017
Meirav Galun,1,CVPR,2017
Amit Singer,1,CVPR,2017
Ronen Basri,1,CVPR,2017
Tobias Fischer,1,CVPR,2017
Stephane Lathuiliere,1,CVPR,2017
Remi Juge,1,CVPR,2017
Pablo Mesejo,1,CVPR,2017
Rafael Munoz-Salinas,1,CVPR,2017
Radu Horaud,1,CVPR,2017
Endri Dibra,1,CVPR,2017
Himanshu Jain,1,CVPR,2017
Cengiz Oztireli,1,CVPR,2017
Remo Ziegler,1,CVPR,2017
Markus Gross,1,CVPR,2017
Yang He,1,CVPR,2017
Wei-Chen Chiu,1,CVPR,2017
Cenek Albl,1,CVPR,2017
Jan Heller,1,CVPR,2017
Matej Smid,1,CVPR,2017
Chen Kong,1,CVPR,2017
Shanxin Yuan,1,CVPR,2017
Qi Ye,1,CVPR,2017
Bjorn Stenger,1,CVPR,2017
Siddhant Jain,1,CVPR,2017
Ganzhao Yuan,1,CVPR,2017
Wei-Shi Zheng,1,CVPR,2017
Marjan Shahpaski,1,CVPR,2017
Luis Ricardo Sapaico,1,CVPR,2017
Gaspard Chevassus,1,CVPR,2017
Yuqian Zhang,1,CVPR,2017
Yenson Lau,1,CVPR,2017
Han-Wen Kuo,1,CVPR,2017
Sky Cheung,1,CVPR,2017
Abhay Pasupathy,1,CVPR,2017
John Wright,1,CVPR,2017
George Papandreou,1,CVPR,2017
Tyler Zhu,1,CVPR,2017
Nori Kanazawa,1,CVPR,2017
Alexander Toshev,1,CVPR,2017
Jonathan Tompson,1,CVPR,2017
Chris Bregler,1,CVPR,2017
Joe Kileel,1,CVPR,2017
Lena Gorelick,1,CVPR,2017
Derya Akkaynak,1,CVPR,2017
Tali Treibitz,1,CVPR,2017
Tom Shlesinger,1,CVPR,2017
Yossi Loya,1,CVPR,2017
Raz Tamir,1,CVPR,2017
David Iluz,1,CVPR,2017
Pablo Speciale,1,CVPR,2017
Danda Pani Paudel,1,CVPR,2017
Till Kroeger,1,CVPR,2017
Tal Schuster,1,CVPR,2017
David Gadot,1,CVPR,2017
Jesus Briales,1,CVPR,2017
Hui Wu,1,CVPR,2017
Zhongfei Zhang,1,CVPR,2017
Fujun Luan,1,CVPR,2017
Sylvain Paris,1,CVPR,2017
Aniruddha Kembhavi,1,CVPR,2017
Minjoon Seo,1,CVPR,2017
Dustin Schwenk,1,CVPR,2017
Jonghyun Choi,1,CVPR,2017
Hannaneh Hajishirzi,1,CVPR,2017
Hemanth Venkateswara,1,CVPR,2017
Jose Eusebio,1,CVPR,2017
Shayok Chakraborty,1,CVPR,2017
Sethuraman Panchanathan,1,CVPR,2017
Daniel E. Worrall,1,CVPR,2017
Stephan J. Garbin,1,CVPR,2017
Daniyar Turmukhambetov,1,CVPR,2017
Benjamin Ummenhofer,1,CVPR,2017
Huizhong Zhou,1,CVPR,2017
Donald G. Dansereau,1,CVPR,2017
Glenn Schuster,1,CVPR,2017
Joseph Ford,1,CVPR,2017
Austin Stone,1,CVPR,2017
Huayan Wang,1,CVPR,2017
Michael Stark,1,CVPR,2017
Yi Liu,1,CVPR,2017
D. Scott Phoenix,1,CVPR,2017
Dileep George,1,CVPR,2017
Jin Xie,1,CVPR,2017
Guoxian Dai,1,CVPR,2017
Fan Zhu,1,CVPR,2017
Yi Fang,1,CVPR,2017
Xun Huang,1,CVPR,2017
Yixuan Li,1,CVPR,2017
Omid Poursaeed,1,CVPR,2017
John Hopcroft,1,CVPR,2017
Can Chen,1,CVPR,2017
Scott Mccloskey,1,CVPR,2017
Jingyi Yu,1,CVPR,2017
Ryusuke Sagawa,1,CVPR,2017
Yutaka Satoh,1,CVPR,2017
Edouard Oyallon,1,CVPR,2017
Federico Monti,1,CVPR,2017
Davide Boscaini,1,CVPR,2017
Jonathan Masci,1,CVPR,2017
Jan Svoboda,1,CVPR,2017
Michael M. Bronstein,1,CVPR,2017
Chenyou Fan,1,CVPR,2017
Jangwon Lee,1,CVPR,2017
Mingze Xu,1,CVPR,2017
Krishna Kumar Singh,1,CVPR,2017
David J. Crandall,1,CVPR,2017
Michael S. Ryoo,1,CVPR,2017
Hamid Izadinia,1,CVPR,2017
Qi Shan,1,CVPR,2017
Steven M. Seitz,1,CVPR,2017
Shunsuke Saito,1,CVPR,2017
Lingyu Wei,1,CVPR,2017
Liwen Hu,1,CVPR,2017
Koki Nagano,1,CVPR,2017
Vignesh Ramanathan,1,CVPR,2017
Liyue Shen,1,CVPR,2017
Anh Tuan Tran,1,CVPR,2017
Tal Hassner,1,CVPR,2017
Iacopo Masi,1,CVPR,2017
Gerard Medioni,1,CVPR,2017
Vassileios Balntas,1,CVPR,2017
Karel Lenc,1,CVPR,2017
Krystian Mikolajczyk,1,CVPR,2017
Shixing Chen,1,CVPR,2017
Caojin Zhang,1,CVPR,2017
Ming Dong,1,CVPR,2017
Jialiang Le,1,CVPR,2017
Mike Rao,1,CVPR,2017
Samarth Brahmbhatt,1,CVPR,2017
Denys Rozumnyi,1,CVPR,2017
Jan Kotera,1,CVPR,2017
Filip Sroubek,1,CVPR,2017
Lukas Novotny,1,CVPR,2017
Namdar Homayounfar,1,CVPR,2017
Min Bai,1,CVPR,2017
Lluis Castrejon,1,CVPR,2017
Kaustav Kundu,1,CVPR,2017
Xin Wang,1,CVPR,2017
Geoffrey Oxholm,1,CVPR,2017
Da Zhang,1,CVPR,2017
Yuan-Fang Wang,1,CVPR,2017
Spyros Gidaris,1,CVPR,2017
Qiong Wang,1,CVPR,2017
Hong Li,1,CVPR,2017
Christos Sagonas,1,CVPR,2017
Alina Leidinger,1,CVPR,2017
David Novotny,1,CVPR,2017
Yinda Zhang,1,CVPR,2017
Joon-Young Lee,1,CVPR,2017
Esteban Real,1,CVPR,2017
Jonathon Shlens,1,CVPR,2017
Stefano Mazzocchi,1,CVPR,2017
Xin Pan,1,CVPR,2017
Vincent Vanhoucke,1,CVPR,2017
George Toderici,1,CVPR,2017
Damien Vincent,1,CVPR,2017
Nick Johnston,1,CVPR,2017
Sung Jin Hwang,1,CVPR,2017
David Minnen,1,CVPR,2017
Joel Shor,1,CVPR,2017
Michele Covell,1,CVPR,2017
Paul Asente,1,CVPR,2017
Mike Kraley,1,CVPR,2017
Longquan Dai,1,CVPR,2017
Mengke Yuan,1,CVPR,2017
Zechao Li,1,CVPR,2017
Xiaopeng Zhang,1,CVPR,2017
Jinhui Tang,1,CVPR,2017
Tara Javidi,1,CVPR,2017
Renwei Dian,1,CVPR,2017
Leyuan Fang,1,CVPR,2017
Shutao Li,1,CVPR,2017
Binghui Chen,1,CVPR,2017
Hyun Oh Song,1,CVPR,2017
Stefanie Jegelka,1,CVPR,2017
Alex Zihao Zhu,1,CVPR,2017
Nikolay Atanasov,1,CVPR,2017
Patsorn Sangkloy,1,CVPR,2017
Jingwan Lu,1,CVPR,2017
Danfei Xu,1,CVPR,2017
Jimmy Ren,1,CVPR,2017
Xiaohao Chen,1,CVPR,2017
Jianbo Liu,1,CVPR,2017
Wenxiu Sun,1,CVPR,2017
Jiahao Pang,1,CVPR,2017
Qiong Yan,1,CVPR,2017
Li Xu,1,CVPR,2017
Wei Zhuo,1,CVPR,2017
Byeong-Ju Han,1,CVPR,2017
Jae-Young Sim,1,CVPR,2017
Xitong Yang,1,CVPR,2017
Palghat Ramesh,1,CVPR,2017
Radha Chitta,1,CVPR,2017
Sriganesh Madhvanath,1,CVPR,2017
Edgar A. Bernal,1,CVPR,2017
Eunhyeok Park,1,CVPR,2017
Junwhan Ahn,1,CVPR,2017
Sungjoo Yoo,1,CVPR,2017
Chi Li,1,CVPR,2017
M. Zeeshan Zia,1,CVPR,2017
Quoc-Huy Tran,1,CVPR,2017
Xiang Yu,1,CVPR,2017
Yang Du,1,CVPR,2017
Chunfeng Yuan,1,CVPR,2017
Bing Li,1,CVPR,2017
Weiming Hu,1,CVPR,2017
Stephen Maybank,1,CVPR,2017
Raymond A. Yeh,1,CVPR,2017
Teck Yian Lim,1,CVPR,2017
Mark Hasegawa-Johnson,1,CVPR,2017
Minh N. Do,1,CVPR,2017
Xuejian Rong,1,CVPR,2017
Chucai Yi,1,CVPR,2017
Yingli Tian,1,CVPR,2017
Harm De Vries,1,CVPR,2017
Florian Strub,1,CVPR,2017
Sarath Chandar,1,CVPR,2017
Olivier Pietquin,1,CVPR,2017
Hugo Larochelle,1,CVPR,2017
Feng Zhu,1,CVPR,2017
Tianmin Shu,1,CVPR,2017
Zawlin Kyaw,1,CVPR,2017
Zhixin Shu,1,CVPR,2017
Dimitris Samaras,1,CVPR,2017
Xinyu Zhou,1,CVPR,2017
Cong Yao,1,CVPR,2017
He Wen,1,CVPR,2017
Yuzhi Wang,1,CVPR,2017
Shuchang Zhou,1,CVPR,2017
Weiran He,1,CVPR,2017
Jiajun Liang,1,CVPR,2017
Abrar H. Abdulnabi,1,CVPR,2017
Stefan Winkler,1,CVPR,2017
Zhengqin Li,1,CVPR,2017
Zexiang Xu,1,CVPR,2017
Wenzhen Yuan,1,CVPR,2017
Shaoxiong Wang,1,CVPR,2017
Siyuan Dong,1,CVPR,2017
Edward Adelson,1,CVPR,2017
Le Zhang,1,CVPR,2017
Jagannadan Varadarajan,1,CVPR,2017
Ponnuthurai Nagaratnam Suganthan,1,CVPR,2017
Pierre Moulin,1,CVPR,2017
Wen Wang,1,CVPR,2017
Venkataraman Santhanam,1,CVPR,2017
Mooyeol Baek,1,CVPR,2017
Minsu Cho,1,CVPR,2017
Yunchen Pu,1,CVPR,2017
Kenneth Tran,1,CVPR,2017
Lawrence Carin,1,CVPR,2017
Yizhe Zhu,1,CVPR,2017
Han Zhang,1,CVPR,2017
Lei Zhu,1,CVPR,2017
Chi-Wing Fu,1,CVPR,2017
Pheng-Ann Heng,1,CVPR,2017
Long Chen,1,CVPR,2017
Jun Xiao,1,CVPR,2017
Liqiang Nie,1,CVPR,2017
Jian Shao,1,CVPR,2017
Chunpeng Wu,1,CVPR,2017
Wei Wen,1,CVPR,2017
Tariq Afzal,1,CVPR,2017
Yongmei Zhang,1,CVPR,2017
Yiran Chen,1,CVPR,2017
Hai (Helen) Li,1,CVPR,2017
Ji Zhang,1,CVPR,2017
Walter Chang,1,CVPR,2017
Tien-Ju Yang,1,CVPR,2017
Yu-Hsin Chen,1,CVPR,2017
Vivienne Sze,1,CVPR,2017
Zeeshan Hayder,1,CVPR,2017
Yasushi Makihara,1,CVPR,2017
Atsuyuki Suzuki,1,CVPR,2017
Daigo Muramatsu,1,CVPR,2017
Xiang Li,1,CVPR,2017
Kazuma Sasaki,1,CVPR,2017
Satoshi Iizuka,1,CVPR,2017
Edgar Simo-Serra,1,CVPR,2017
Hiroshi Ishikawa,1,CVPR,2017
Zheng Shou,1,CVPR,2017
Jonathan Chan,1,CVPR,2017
Alireza Zareian,1,CVPR,2017
Kazuyuki Miyazawa,1,CVPR,2017
Deepak Babu Sam,1,CVPR,2017
Shiv Surya,1,CVPR,2017
Subhashini Venugopalan,1,CVPR,2017
Lisa Anne Hendricks,1,CVPR,2017
Raymond Mooney,1,CVPR,2017
Zhuo Deng,1,CVPR,2017
Longin Jan Latecki,1,CVPR,2017
Ji Lin,1,CVPR,2017
Liangliang Ren,1,CVPR,2017
Bryan A. Plummer,1,CVPR,2017
Svetlana Lazebnik,1,CVPR,2017
S. Alireza Golestaneh,1,CVPR,2017
Lina J. Karam,1,CVPR,2017
Zhifei Zhang,1,CVPR,2017
Hairong Qi,1,CVPR,2017
Daiki Ikami,1,CVPR,2017
Toshihiko Yamasaki,1,CVPR,2017
Xuanyi Dong,1,CVPR,2017
Junshi Huang,1,CVPR,2017
Guangrun Wang,1,CVPR,2017
Charles Ruizhongtai Qi,1,CVPR,2017
Ertem Tuncel,1,CVPR,2017
M. Ehsan Abbasnejad,1,CVPR,2017
Anthony Dick,1,CVPR,2017
Shanghang Zhang,1,CVPR,2017
Guanhang Wu,1,CVPR,2017
Pengfei Dou,1,CVPR,2017
Shishir K. Shah,1,CVPR,2017
Ioannis A. Kakadiaris,1,CVPR,2017
Zhaowei Cai,1,CVPR,2017
Dongyoon Han,1,CVPR,2017
Jiwhan Kim,1,CVPR,2017
Tao Kong,1,CVPR,2017
Fuchun Sun,1,CVPR,2017
Huaping Liu,1,CVPR,2017
Fanyi Xiao,1,CVPR,2017
Leonid Sigal,1,CVPR,2017
Chen Feng,1,CVPR,2017
Srikumar Ramalingam,1,CVPR,2017
Alex Kendall,1,CVPR,2017
Yandong Guo,1,CVPR,2017
Cheng Lu,1,CVPR,2017
Jan P. Allebach,1,CVPR,2017
Charles A. Bouman,1,CVPR,2017
Xiangteng He,1,CVPR,2017
Yuxin Peng,1,CVPR,2017
Daniel Barath,1,CVPR,2017
Tekla Toth,1,CVPR,2017
Levente Hajder,1,CVPR,2017
Mohamed Omran,1,CVPR,2017
Artem Rozantsev,1,CVPR,2017
Debadeepta Dey,1,CVPR,2017
Ayan Sinha,1,CVPR,2017
Asim Unmesh,1,CVPR,2017
Qixing Huang,1,CVPR,2017
Karthik Ramani,1,CVPR,2017
Christoph Lassner,1,CVPR,2017
Martin Kiefel,1,CVPR,2017
Pedro Morgado,1,CVPR,2017
Yawen Huang,1,CVPR,2017
Alejandro F. Frangi,1,CVPR,2017
Xavier Alameda-Pineda,1,CVPR,2017
Andrea Pilzer,1,CVPR,2017
Takuhiro Kaneko,1,CVPR,2017
Kaoru Hiramatsu,1,CVPR,2017
Kunio Kashino,1,CVPR,2017
Zhiwu Huang,1,CVPR,2017
Michael Schober,1,CVPR,2017
Amit Adam,1,CVPR,2017
Omer Yair,1,CVPR,2017
Shai Mazor,1,CVPR,2017
Bin Wang,1,CVPR,2017
Yongsheng Gao,1,CVPR,2017
Changming Sun,1,CVPR,2017
Michael Blumenstein,1,CVPR,2017
John La Salle,1,CVPR,2017
Weilong Peng,1,CVPR,2017
Zhiyong Feng,1,CVPR,2017
Chao Xu,1,CVPR,2017
Yong Su,1,CVPR,2017
Ignacio Rocco,1,CVPR,2017
Relja Arandjelovic,1,CVPR,2017
Judith Butepage,1,CVPR,2017
Danica Kragic,1,CVPR,2017
Hedvig Kjellstrom,1,CVPR,2017
Spyridon Thermos,1,CVPR,2017
Georgios Th. Papadopoulos,1,CVPR,2017
Petros Daras,1,CVPR,2017
Gerasimos Potamianos,1,CVPR,2017
Di Xie,1,CVPR,2017
Jiang Xiong,1,CVPR,2017
Shiliang Pu,1,CVPR,2017
Zekun Hao,1,CVPR,2017
Hongwei Qin,1,CVPR,2017
Xiu Li,1,CVPR,2017
Xiaolin Hu,1,CVPR,2017
Rudrasis Chakraborty,1,CVPR,2017
Soren Hauberg,1,CVPR,2017
Koteswar Rao Jerripothula,1,CVPR,2017
Artem Babenko,1,CVPR,2017
Vijay Kumar,1,CVPR,2017
Anoop Namboodiri,1,CVPR,2017
Manohar Paluri,1,CVPR,2017
Keisuke Tateno,1,CVPR,2017
Iro Laina,1,CVPR,2017
D. Khue Le-Huu,1,CVPR,2017
Antonio Agudo,1,CVPR,2017
Ronan Sicre,1,CVPR,2017
Ewa Kijak,1,CVPR,2017
Frederic Jurie,1,CVPR,2017
Victor Yurchenko,1,CVPR,2017
Alin-Ionut Popa,1,CVPR,2017
Mihai Zanfir,1,CVPR,2017
Cristian Sminchisescu,1,CVPR,2017
Joao Carreira,1,CVPR,2017
Alan Lukezic,1,CVPR,2017
Tomas Vojir,1,CVPR,2017
Luka Cehovin Zajc,1,CVPR,2017
Matej Kristan,1,CVPR,2017
Gaochang Wu,1,CVPR,2017
Mandan Zhao,1,CVPR,2017
Liangyong Wang,1,CVPR,2017
Qionghai Dai,1,CVPR,2017
Tianyou Chai,1,CVPR,2017
Jaeheung Surh,1,CVPR,2017
Hae-Gon Jeon,1,CVPR,2017
Yunwon Park,1,CVPR,2017
Sunghoon Im,1,CVPR,2017
Hyowon Ha,1,CVPR,2017
Dustin Morley,1,CVPR,2017
Hassan Foroosh,1,CVPR,2017
Zihao Hu,1,CVPR,2017
Junxuan Chen,1,CVPR,2017
Hongtao Lu,1,CVPR,2017
Tongzhen Zhang,1,CVPR,2017
Quanquan Li,1,CVPR,2017
Shengying Jin,1,CVPR,2017
Silvia Zuffi,1,CVPR,2017
Angjoo Kanazawa,1,CVPR,2017
Dim P. Papadopoulos,1,CVPR,2017
Jasper R. R. Uijlings,1,CVPR,2017
Frank Keller,1,CVPR,2017
Vittorio Ferrari,1,CVPR,2017
Hao Zhu,1,CVPR,2017
Qi Zhang,1,CVPR,2017
Qing Wang,1,CVPR,2017
Kuan-Lun Tseng,1,CVPR,2017
Yen-Liang Lin,1,CVPR,2017
Winston Hsu,1,CVPR,2017
Chung-Yang Huang,1,CVPR,2017
Xiaoqiang Yan,1,CVPR,2017
Shizhe Hu,1,CVPR,2017
Yangdong Ye,1,CVPR,2017
Gil Shamai,1,CVPR,2017
Youngjung Kim,1,CVPR,2017
Hyungjoo Jung,1,CVPR,2017
Zizhao Zhang,1,CVPR,2017
Yuanpu Xie,1,CVPR,2017
Fuyong Xing,1,CVPR,2017
Mason Mcgough,1,CVPR,2017
Lin Yang,1,CVPR,2017
Mark Sheinin,1,CVPR,2017
Joon Son Chung,1,CVPR,2017
Andrew Senior,1,CVPR,2017
Oriol Vinyals,1,CVPR,2017
Leonid Pishchulin,1,CVPR,2017
Biagio Brattoli,1,CVPR,2017
Uta Buchler,1,CVPR,2017
Anna-Sophia Wahl,1,CVPR,2017
Martin E. Schwab,1,CVPR,2017
Yu-Chuan Su,1,CVPR,2017
Unnat Jain,1,CVPR,2017
Ziyu Zhang,1,CVPR,2017
Zhenyang Li,1,CVPR,2017
Ran Tao,1,CVPR,2017
Cees G. M. Snoek,1,CVPR,2017
Houqiang Li,1,CVPR,2017
Ajjen Joshi,1,CVPR,2017
Soumya Ghosh,1,CVPR,2017
Margrit Betke,1,CVPR,2017
Stan Sclaroff,1,CVPR,2017
Hanspeter Pfister,1,CVPR,2017
Chaochao Lu,1,CVPR,2017
Michael Hirsch,1,CVPR,2017
Longfei Han,1,CVPR,2017
David Bau,1,CVPR,2017
Aditya Khosla,1,CVPR,2017
Aude Oliva,1,CVPR,2017
Saumya Jetley,1,CVPR,2017
Michael Sapienza,1,CVPR,2017
Seungryong Kim,1,CVPR,2017
Bumsub Ham,1,CVPR,2017
Sangryul Jeon,1,CVPR,2017
Manuel Haussmann,1,CVPR,2017
Fred A. Hamprecht,1,CVPR,2017
Melih Kandemir,1,CVPR,2017
Yehao Li,1,CVPR,2017
Albert Gordo,1,CVPR,2017
Fabio Maninchedda,1,CVPR,2017
Zhiming Luo,1,CVPR,2017
Akshaya Mishra,1,CVPR,2017
Andrew Achkar,1,CVPR,2017
Justin Eichel,1,CVPR,2017
Pierre-Marc Jodoin,1,CVPR,2017
Thanh-Toan Do,1,CVPR,2017
Dang-Khoa Le Tan,1,CVPR,2017
Trung T. Pham,1,CVPR,2017
Ngai-Man Cheung,1,CVPR,2017
Jose Lezama,1,CVPR,2017
Martin Danelljan,1,CVPR,2017
Goutam Bhat,1,CVPR,2017
Fahad Shahbaz Khan,1,CVPR,2017
Michael Felsberg,1,CVPR,2017
Yevhen Kuznietsov,1,CVPR,2017
Jorg Stuckler,1,CVPR,2017
Mengye Ren,1,CVPR,2017
Tsung-Wei Ke,1,CVPR,2017
Arthur Daniel Costea,1,CVPR,2017
Robert Varga,1,CVPR,2017
Sergiu Nedevschi,1,CVPR,2017
Luis G. Sanchez Giraldo,1,CVPR,2017
Erion Hasanbelliu,1,CVPR,2017
Murali Rao,1,CVPR,2017
Jose C. Principe,1,CVPR,2017
Youssef Tamaazousti,1,CVPR,2017
Herve Le Borgne,1,CVPR,2017
Celine Hudelot,1,CVPR,2017
Chao Yang,1,CVPR,2017
Wenjie Pei,1,CVPR,2017
Tadas Baltrusaitis,1,CVPR,2017
David M.J. Tax,1,CVPR,2017
Louis-Philippe Morency,1,CVPR,2017
Aviad Levis,1,CVPR,2017
Anthony B. Davis,1,CVPR,2017
Rang M. H. Nguyen,1,CVPR,2017
Zhaofan Qiu,1,CVPR,2017
Fangting Xia,1,CVPR,2017
Xianjie Chen,1,CVPR,2017
Jose Dolz,1,CVPR,2017
Ismail Ben Ayed,1,CVPR,2017
Christian Desrosiers,1,CVPR,2017
Thomas Nestmeyer,1,CVPR,2017
Riza Alp Guler,1,CVPR,2017
Concetto Spampinato,1,CVPR,2017
Simone Palazzo,1,CVPR,2017
Isaak Kavasidis,1,CVPR,2017
Daniela Giordano,1,CVPR,2017
Nasim Souly,1,CVPR,2017
Xu Zhang,1,CVPR,2017
Felix X. Yu,1,CVPR,2017
Svebor Karaman,1,CVPR,2017
Konstantinos Papoutsakis,1,CVPR,2017
Costas Panagiotakis,1,CVPR,2017
Antonis A. Argyros,1,CVPR,2017
Aditya Deshpande,1,CVPR,2017
Jiajun Lu,1,CVPR,2017
Mao-Chuang Yeh,1,CVPR,2017
Min Jin Chong,1,CVPR,2017
David Forsyth,1,CVPR,2017
Ronald Clark,1,CVPR,2017
Sen Wang,1,CVPR,2017
Andrew Markham,1,CVPR,2017
Niki Trigoni,1,CVPR,2017
Hongkai Wen,1,CVPR,2017
Sam Gross,1,CVPR,2017
Marc'Aurelio Ranzato,1,CVPR,2017
Arthur Szlam,1,CVPR,2017
Gustav Larsson,1,CVPR,2017
Tegan Maharaj,1,CVPR,2017
Nicolas Ballas,1,CVPR,2017
Christopher Pal,1,CVPR,2017
Maheen Rashid,1,CVPR,2017
Xiuye Gu,1,CVPR,2017
Yash Goyal,1,CVPR,2017
Tejas Khot,1,CVPR,2017
Douglas Summers-Stay,1,CVPR,2017
Nikolai Ufer,1,CVPR,2017
Dmitry Ulyanov,1,CVPR,2017
Mustafa Devrim Kaba,1,CVPR,2017
Mustafa Gokhan Uzunbas,1,CVPR,2017
Ser Nam Lim,1,CVPR,2017
Mahdi M. Kalayeh,1,CVPR,2017
Samuel Schulter,1,CVPR,2017
Qing Sun,1,CVPR,2017
Stefan Lee,1,CVPR,2017
Chao Liu,1,CVPR,2017
Artur W. Dubrawski,1,CVPR,2017
David Lopez-Paz,1,CVPR,2017
Robert Nishihara,1,CVPR,2017
Soumith Chintala,1,CVPR,2017
Leon Bottou,1,CVPR,2017
Balazs Kovacs,1,CVPR,2017
Sean Bell,1,CVPR,2017
Steven J. Rennie,1,CVPR,2017
Etienne Marcheret,1,CVPR,2017
Youssef Mroueh,1,CVPR,2017
Jerret Ross,1,CVPR,2017
Vaibhava Goel,1,CVPR,2017
Ching-Hang Chen,1,CVPR,2017
Aaron Nech,1,CVPR,2017
Ira Kemelmacher-Shlizerman,1,CVPR,2017
Amran Bhuiyan,1,CVPR,2017
Vittorio Murino,1,CVPR,2017
Paul Upchurch,1,CVPR,2017
Jacob Gardner,1,CVPR,2017
Geoff Pleiss,1,CVPR,2017
Robert Pless,1,CVPR,2017
Kilian Weinberger,1,CVPR,2017
Arsalan Mousavian,1,CVPR,2017
Dragomir Anguelov,1,CVPR,2017
John Flynn,1,CVPR,2017
Jana Kosecka,1,CVPR,2017
Ruotian Luo,1,CVPR,2017
Shay Deutsch,1,CVPR,2017
Soheil Kolouri,1,CVPR,2017
Kyungnam Kim,1,CVPR,2017
Yuri Owechko,1,CVPR,2017
Hessam Bagherinezhad,1,CVPR,2017
Mohammad Rastegari,1,CVPR,2017
Miguel A. Bautista,1,CVPR,2017
Artsiom Sanakoyeu,1,CVPR,2017
Meng Ye,1,CVPR,2017
Yuhong Guo,1,CVPR,2017
Samaneh Azadi,1,CVPR,2017
Eric Tzeng,1,CVPR,2017
Judy Hoffman,1,CVPR,2017
Mariano Jaimez,1,CVPR,2017
Thomas J. Cashman,1,CVPR,2017
Mohit Iyyer,1,CVPR,2017
Varun Manjunatha,1,CVPR,2017
Anupam Guha,1,CVPR,2017
Yogarshi Vyas,1,CVPR,2017
Jordan Boyd-Graber,1,CVPR,2017
Hal Daume Iii,1,CVPR,2017
Mark Yatskar,1,CVPR,2017
Vicente Ordonez,1,CVPR,2017
Luke Zettlemoyer,1,CVPR,2017
Vasili Ramanishka,1,CVPR,2017
Abir Das,1,CVPR,2017
Jianming Zhang,1,CVPR,2017
Chia-Yin Tsai,1,CVPR,2017
Aswin C. Sankaranarayanan,1,CVPR,2017
Tong Ke,1,CVPR,2017
Stergios I. Roumeliotis,1,CVPR,2017
Xinliang Zhu,1,CVPR,2017
Jiawen Yao,1,CVPR,2017
Feiyun Zhu,1,CVPR,2017
Junzhou Huang,1,CVPR,2017
Arnon Amir,1,CVPR,2017
Brian Taba,1,CVPR,2017
David Berg,1,CVPR,2017
Timothy Melano,1,CVPR,2017
Jeffrey Mckinstry,1,CVPR,2017
Carmelo Di Nolfo,1,CVPR,2017
Tapan Nayak,1,CVPR,2017
Alexander Andreopoulos,1,CVPR,2017
Guillaume Garreau,1,CVPR,2017
Marcela Mendoza,1,CVPR,2017
Jeff Kusnitz,1,CVPR,2017
Michael Debole,1,CVPR,2017
Steve Esser,1,CVPR,2017
Tobi Delbruck,1,CVPR,2017
Myron Flickner,1,CVPR,2017
Dharmendra Modha,1,CVPR,2017
Hasan F. M. Zaki,1,CVPR,2017
Faisal Shafait,1,CVPR,2017
Joseph Redmon,1,CVPR,2017
Yufei Wang,1,CVPR,2017
Garrison W. Cottrell,1,CVPR,2017
Licheng Yu,1,CVPR,2017
Hao Tan,1,CVPR,2017
Mohit Bansal,1,CVPR,2017
Tamara L. Berg,1,CVPR,2017
Zhe Cao,1,CVPR,2017
Shih-En Wei,1,CVPR,2017
Hariprasad Kannan,1,CVPR,2017
Chen Sun,1,CVPR,2017
Menglong Zhu,1,CVPR,2017
Anoop Korattikara,1,CVPR,2017
Alireza Fathi,1,CVPR,2017
Ian Fischer,1,CVPR,2017
Zbigniew Wojna,1,CVPR,2017
Sergio Guadarrama,1,CVPR,2017
Yannick Hold-Geoffroy,1,CVPR,2017
Emiliano Gambaretto,1,CVPR,2017
Jean-Francois Lalonde,1,CVPR,2017
Seunghoon Hong,1,CVPR,2017
Suha Kwak,1,CVPR,2017
Benjamin D. Haeffele,1,CVPR,2017
Zongwei Zhou,1,CVPR,2017
Jae Shin,1,CVPR,2017
Suryakanth Gurudu,1,CVPR,2017
Michael Gotway,1,CVPR,2017
Jianming Liang,1,CVPR,2017
Xiyang Dai,1,CVPR,2017
Runpeng Cui,1,CVPR,2017
Hu Liu,1,CVPR,2017
Changshui Zhang,1,CVPR,2017
Xiyu Yu,1,CVPR,2017
Tongliang Liu,1,CVPR,2017
Xinchao Wang,1,CVPR,2017
Hong Liu,1,CVPR,2017
Rongrong Ji,1,CVPR,2017
Yongjian Wu,1,CVPR,2017
Feiyue Huang,1,CVPR,2017
Zheng Xu,1,CVPR,2017
Mario A. T. Figueiredo,1,CVPR,2017
Xiaoming Yuan,1,CVPR,2017
Christoph Studer,1,CVPR,2017
Yifei Xu,1,CVPR,2017
Erik Nijkamp,1,CVPR,2017
Yuan Gao,1,CVPR,2017
Yang Cao,1,CVPR,2017
Shuai Fang,1,CVPR,2017
Yu Kang,1,CVPR,2017
Jian-Xun Mi,1,CVPR,2017
Qiankun Fu,1,CVPR,2017
Weisheng Li,1,CVPR,2017
Xun Sun,1,CVPR,2017
Yuanfan Xie,1,CVPR,2017
Pei Luo,1,CVPR,2017
Yongqiang Zhang,1,CVPR,2017
Daming Shi,1,CVPR,2017
Dansong Cheng,1,CVPR,2017
Mandar Dixit,1,CVPR,2017
Roland Kwitt,1,CVPR,2017
Marc Niethammer,1,CVPR,2017
Shuai Yang,1,CVPR,2017
Steve Branson,1,CVPR,2017
Grant Van Horn,1,CVPR,2017
